kpi_id,dashboard,kpi_name,kpi_description,requirement_group,kpi_category,source_module,mart_table,mart_column,column_role,logic,silver_entity,silver_attribute
K_NHNCK_1,Dashboard tổng quan của Người hành nghề chứng khoán toàn thị trường/Các chỉ tiêu tổng hợp thông tin chung,Tổng người hành nghề,Tổng số cá nhân có ít nhất 1 CCHN lũy kế đến ngày cuối cùng năm đã chọn,Dashboard,Chỉ tiêu cơ sở,NHNCK,fact_certificate_snapshot,PRACTITIONER_DIM_ID,MEASURE,COUNT DISTINCT,Securities Practitioner License Certificate Document,Practitioner Id
K_NHNCK_1,Dashboard tổng quan của Người hành nghề chứng khoán toàn thị trường/Các chỉ tiêu tổng hợp thông tin chung,Tổng người hành nghề,Tổng số cá nhân có ít nhất 1 CCHN lũy kế đến ngày cuối cùng năm đã chọn,Dashboard,Chỉ tiêu cơ sở,NHNCK,fact_certificate_snapshot,current_status_code,FILTER,IN (<nhóm ACTIVE>),Securities Practitioner License Certificate Document,Certificate Status Code
K_NHNCK_1,Dashboard tổng quan của Người hành nghề chứng khoán toàn thị trường/Các chỉ tiêu tổng hợp thông tin chung,Tổng người hành nghề,Tổng số cá nhân có ít nhất 1 CCHN lũy kế đến ngày cuối cùng năm đã chọn,Dashboard,Chỉ tiêu cơ sở,NHNCK,fact_certificate_snapshot,DATA_DT,SLICER,= CONCAT(@year_slicer; '-12-31'),, 
K_NHNCK_1_YOY,Dashboard tổng quan của Người hành nghề chứng khoán toàn thị trường/Các chỉ tiêu tổng hợp thông tin chung,Tổng người hành nghề — YoY%,So sánh cùng kỳ K_NHNCK_1,Dashboard,Chỉ tiêu phái sinh,NHNCK,fact_certificate_snapshot,DATA_DT,SLICER,(K1_year_N - K1_year_N-1) / K1_year_N-1 × 100. Snapshot năm N vs N-1,, 
K_NHNCK_2,Dashboard tổng quan của Người hành nghề chứng khoán toàn thị trường/Các chỉ tiêu tổng hợp thông tin chung,Chứng chỉ cấp mới (YTD),Số CCHN được cấp mới trong năm hiện tại,Dashboard,Chỉ tiêu cơ sở,NHNCK,fact_certificate_snapshot,cert_code,MEASURE,COUNT,Securities Practitioner License Certificate Document,License Certificate Document Code
K_NHNCK_2,Dashboard tổng quan của Người hành nghề chứng khoán toàn thị trường/Các chỉ tiêu tổng hợp thông tin chung,Chứng chỉ cấp mới (YTD),Số CCHN được cấp mới trong năm hiện tại,Dashboard,Chỉ tiêu cơ sở,NHNCK,fact_certificate_snapshot,issued_in_year_flag,FILTER,= TRUE,Derived,Derived
K_NHNCK_2,Dashboard tổng quan của Người hành nghề chứng khoán toàn thị trường/Các chỉ tiêu tổng hợp thông tin chung,Chứng chỉ cấp mới (YTD),Số CCHN được cấp mới trong năm hiện tại,Dashboard,Chỉ tiêu cơ sở,NHNCK,fact_certificate_snapshot,DATA_DT,SLICER,= CONCAT(@year_slicer; '-12-31'),,
K_NHNCK_2a,Dashboard tổng quan của Người hành nghề chứng khoán toàn thị trường/Các chỉ tiêu tổng hợp thông tin chung,Cấp mới,Số chứng chỉ cấp lần đầu,Dashboard,Chỉ tiêu cơ sở,NHNCK,fact_certificate_snapshot,cert_code,MEASURE,COUNT,Securities Practitioner License Certificate Document,License Certificate Document Code
K_NHNCK_2a,Dashboard tổng quan của Người hành nghề chứng khoán toàn thị trường/Các chỉ tiêu tổng hợp thông tin chung,Cấp mới,Số chứng chỉ cấp lần đầu,Dashboard,Chỉ tiêu cơ sở,NHNCK,fact_certificate_snapshot,issued_in_year_flag,FILTER,= TRUE,Derived,Derived
K_NHNCK_2a,Dashboard tổng quan của Người hành nghề chứng khoán toàn thị trường/Các chỉ tiêu tổng hợp thông tin chung,Cấp mới,Số chứng chỉ cấp lần đầu,Dashboard,Chỉ tiêu cơ sở,NHNCK,fact_certificate_snapshot,is_first_issuance_flag,FILTER,= TRUE,Derived,Derived
K_NHNCK_2a,Dashboard tổng quan của Người hành nghề chứng khoán toàn thị trường/Các chỉ tiêu tổng hợp thông tin chung,Cấp mới,Số chứng chỉ cấp lần đầu,Dashboard,Chỉ tiêu cơ sở,NHNCK,fact_certificate_snapshot,DATA_DT,SLICER,= CONCAT(@year_slicer; '-12-31'),,
K_NHNCK_2b,Dashboard tổng quan của Người hành nghề chứng khoán toàn thị trường/Các chỉ tiêu tổng hợp thông tin chung,Cấp lại,Số chứng chỉ cấp lại,Dashboard,Chỉ tiêu cơ sở,NHNCK,fact_certificate_snapshot,cert_code,MEASURE,COUNT,Securities Practitioner License Certificate Document,License Certificate Document Code
K_NHNCK_2b,Dashboard tổng quan của Người hành nghề chứng khoán toàn thị trường/Các chỉ tiêu tổng hợp thông tin chung,Cấp lại,Số chứng chỉ cấp lại,Dashboard,Chỉ tiêu cơ sở,NHNCK,fact_certificate_snapshot,issued_in_year_flag,FILTER,= TRUE,Derived,Derived
K_NHNCK_2b,Dashboard tổng quan của Người hành nghề chứng khoán toàn thị trường/Các chỉ tiêu tổng hợp thông tin chung,Cấp lại,Số chứng chỉ cấp lại,Dashboard,Chỉ tiêu cơ sở,NHNCK,fact_certificate_snapshot,is_first_issuance_flag,FILTER,= FALSE,Derived,Derived
K_NHNCK_2b,Dashboard tổng quan của Người hành nghề chứng khoán toàn thị trường/Các chỉ tiêu tổng hợp thông tin chung,Cấp lại,Số chứng chỉ cấp lại,Dashboard,Chỉ tiêu cơ sở,NHNCK,fact_certificate_snapshot,DATA_DT,SLICER,= CONCAT(@year_slicer; '-12-31'),,
K_NHNCK_2_YOY,Dashboard tổng quan của Người hành nghề chứng khoán toàn thị trường/Các chỉ tiêu tổng hợp thông tin chung,Chứng chỉ cấp mới (YTD) — YoY%,So sánh cùng kỳ K_NHNCK_2,Dashboard,Chỉ tiêu phái sinh,NHNCK,fact_certificate_snapshot,DATA_DT,SLICER,(K_NHNCK_2_year_N - K_NHNCK_2_year_N-1) / K_NHNCK_2_year_N-1 × 100,,
K_NHNCK_3,Dashboard tổng quan của Người hành nghề chứng khoán toàn thị trường/Các chỉ tiêu tổng hợp thông tin chung,Bị thu hồi,Số CCHN có sự kiện thu hồi trong năm đã chọn,Dashboard,Chỉ tiêu cơ sở,NHNCK,fact_certificate_snapshot,cert_code,MEASURE,COUNT,Securities Practitioner License Certificate Document,License Certificate Document Code
K_NHNCK_3,Dashboard tổng quan của Người hành nghề chứng khoán toàn thị trường/Các chỉ tiêu tổng hợp thông tin chung,Bị thu hồi,Số CCHN có sự kiện thu hồi trong năm đã chọn,Dashboard,Chỉ tiêu cơ sở,NHNCK,fact_certificate_snapshot,revoked_in_year_flag,FILTER,= TRUE,Derived,Derived
K_NHNCK_3,Dashboard tổng quan của Người hành nghề chứng khoán toàn thị trường/Các chỉ tiêu tổng hợp thông tin chung,Bị thu hồi,Số CCHN có sự kiện thu hồi trong năm đã chọn,Dashboard,Chỉ tiêu cơ sở,NHNCK,fact_certificate_snapshot,DATA_DT,SLICER,= CONCAT(@year_slicer; '-12-31'),,
K_NHNCK_3a,Dashboard tổng quan của Người hành nghề chứng khoán toàn thị trường/Các chỉ tiêu tổng hợp thông tin chung,Thu hồi trong 3 năm,Số CCHN bị thu hồi có thời hạn 3 năm trong năm đã chọn,Dashboard,Chỉ tiêu cơ sở,NHNCK,fact_certificate_snapshot,cert_code,MEASURE,COUNT,Securities Practitioner License Certificate Document,License Certificate Document Code
K_NHNCK_3a,Dashboard tổng quan của Người hành nghề chứng khoán toàn thị trường/Các chỉ tiêu tổng hợp thông tin chung,Thu hồi trong 3 năm,Số CCHN bị thu hồi có thời hạn 3 năm trong năm đã chọn,Dashboard,Chỉ tiêu cơ sở,NHNCK,fact_certificate_snapshot,revoked_in_year_flag,FILTER,= TRUE,Derived,Derived
K_NHNCK_3a,Dashboard tổng quan của Người hành nghề chứng khoán toàn thị trường/Các chỉ tiêu tổng hợp thông tin chung,Thu hồi trong 3 năm,Số CCHN bị thu hồi có thời hạn 3 năm trong năm đã chọn,Dashboard,Chỉ tiêu cơ sở,NHNCK,fact_certificate_snapshot,revocation_type_code,FILTER,= 'REVOKED_3YR',Derived,Derived
K_NHNCK_3a,Dashboard tổng quan của Người hành nghề chứng khoán toàn thị trường/Các chỉ tiêu tổng hợp thông tin chung,Thu hồi trong 3 năm,Số CCHN bị thu hồi có thời hạn 3 năm trong năm đã chọn,Dashboard,Chỉ tiêu cơ sở,NHNCK,fact_certificate_snapshot,DATA_DT,SLICER,= CONCAT(@year_slicer; '-12-31'),,
K_NHNCK_3b,Dashboard tổng quan của Người hành nghề chứng khoán toàn thị trường/Các chỉ tiêu tổng hợp thông tin chung,Thu hồi vĩnh viễn,Số CCHN thu hồi không thời hạn trong năm đã chọn,Dashboard,Chỉ tiêu cơ sở,NHNCK,fact_certificate_snapshot,cert_code,MEASURE,COUNT,Securities Practitioner License Certificate Document,License Certificate Document Code
K_NHNCK_3b,Dashboard tổng quan của Người hành nghề chứng khoán toàn thị trường/Các chỉ tiêu tổng hợp thông tin chung,Thu hồi vĩnh viễn,Số CCHN thu hồi không thời hạn trong năm đã chọn,Dashboard,Chỉ tiêu cơ sở,NHNCK,fact_certificate_snapshot,revoked_in_year_flag,FILTER,= TRUE,Derived,Derived
K_NHNCK_3b,Dashboard tổng quan của Người hành nghề chứng khoán toàn thị trường/Các chỉ tiêu tổng hợp thông tin chung,Thu hồi vĩnh viễn,Số CCHN thu hồi không thời hạn trong năm đã chọn,Dashboard,Chỉ tiêu cơ sở,NHNCK,fact_certificate_snapshot,revocation_type_code,FILTER,= 'REVOKED_PERMANENT',Derived,Derived
K_NHNCK_3b,Dashboard tổng quan của Người hành nghề chứng khoán toàn thị trường/Các chỉ tiêu tổng hợp thông tin chung,Thu hồi vĩnh viễn,Số CCHN thu hồi không thời hạn trong năm đã chọn,Dashboard,Chỉ tiêu cơ sở,NHNCK,fact_certificate_snapshot,DATA_DT,SLICER,= CONCAT(@year_slicer; '-12-31'),,
K_NHNCK_3_YOY,Dashboard tổng quan của Người hành nghề chứng khoán toàn thị trường/Các chỉ tiêu tổng hợp thông tin chung,Bị thu hồi — YoY%,So sánh cùng kỳ K_NHNCK_3,Dashboard,Chỉ tiêu phái sinh,NHNCK,fact_certificate_snapshot,DATA_DT,SLICER,(K_NHNCK_3_year_N - K_NHNCK_3_year_N-1) / K_NHNCK_3_year_N-1 × 100,,
K_NHNCK_4,Dashboard tổng quan của Người hành nghề chứng khoán toàn thị trường/Các chỉ tiêu tổng hợp thông tin chung,CCHN đang hoạt động,Số CCHN trạng thái hoạt động lũy kế đến ngày cuối cùng năm đã chọn,Dashboard,Chỉ tiêu cơ sở,NHNCK,fact_certificate_snapshot,cert_code,MEASURE,COUNT,Securities Practitioner License Certificate Document,License Certificate Document Code
K_NHNCK_4,Dashboard tổng quan của Người hành nghề chứng khoán toàn thị trường/Các chỉ tiêu tổng hợp thông tin chung,CCHN đang hoạt động,Số CCHN trạng thái hoạt động lũy kế đến ngày cuối cùng năm đã chọn,Dashboard,Chỉ tiêu cơ sở,NHNCK,fact_certificate_snapshot,current_status_code,FILTER,IN (<nhóm ACTIVE>),Securities Practitioner License Certificate Document,Certificate Status Code
K_NHNCK_4,Dashboard tổng quan của Người hành nghề chứng khoán toàn thị trường/Các chỉ tiêu tổng hợp thông tin chung,CCHN đang hoạt động,Số CCHN trạng thái hoạt động lũy kế đến ngày cuối cùng năm đã chọn,Dashboard,Chỉ tiêu cơ sở,NHNCK,fact_certificate_snapshot,DATA_DT,SLICER,= CONCAT(@year_slicer; '-12-31'),, 
K_NHNCK_4_YOY,Dashboard tổng quan của Người hành nghề chứng khoán toàn thị trường/Các chỉ tiêu tổng hợp thông tin chung,CCHN đang hoạt động — YoY%,So sánh cùng kỳ K_NHNCK_4,Dashboard,Chỉ tiêu phái sinh,NHNCK,fact_certificate_snapshot,DATA_DT,SLICER,(K4_year_N - K4_year_N-1) / K4_year_N-1 × 100,, 
K_NHNCK_5,Dashboard tổng quan của Người hành nghề chứng khoán toàn thị trường/Các chỉ tiêu tổng hợp thông tin chung,Đã bị hủy,Số CCHN bị hủy lũy kế đến ngày cuối cùng năm đã chọn,Dashboard,Chỉ tiêu cơ sở,NHNCK,fact_certificate_snapshot,cert_code,MEASURE,COUNT,Securities Practitioner License Certificate Document,License Certificate Document Code
K_NHNCK_5,Dashboard tổng quan của Người hành nghề chứng khoán toàn thị trường/Các chỉ tiêu tổng hợp thông tin chung,Đã bị hủy,Số CCHN bị hủy lũy kế đến ngày cuối cùng năm đã chọn,Dashboard,Chỉ tiêu cơ sở,NHNCK,fact_certificate_snapshot,current_status_code,FILTER,IN (<nhóm CANCELLED>),Securities Practitioner License Certificate Document,Certificate Status Code
K_NHNCK_5,Dashboard tổng quan của Người hành nghề chứng khoán toàn thị trường/Các chỉ tiêu tổng hợp thông tin chung,Đã bị hủy,Số CCHN bị hủy lũy kế đến ngày cuối cùng năm đã chọn,Dashboard,Chỉ tiêu cơ sở,NHNCK,fact_certificate_snapshot,DATA_DT,SLICER,= CONCAT(@year_slicer; '-12-31'),, 
K_NHNCK_5_YOY,Dashboard tổng quan của Người hành nghề chứng khoán toàn thị trường/Các chỉ tiêu tổng hợp thông tin chung,Đã bị hủy — YoY%,So sánh cùng kỳ K_NHNCK_5,Dashboard,Chỉ tiêu phái sinh,NHNCK,fact_certificate_snapshot,DATA_DT,SLICER,(K5_year_N - K5_year_N-1) / K5_year_N-1 × 100,, 
K_NHNCK_6,Dashboard tổng quan của Người hành nghề chứng khoán toàn thị trường/Các chỉ tiêu tổng hợp thông tin chung,Cảnh báo NHNCK,Số NHN có vi phạm lũy kế đến ngày cuối cùng năm đã chọn,Dashboard,Chỉ tiêu cơ sở,NHNCK,fact_violation,PRACTITIONER_DIM_ID,MEASURE,COUNT DISTINCT,Securities Practitioner Conduct Violation,Practitioner Id
K_NHNCK_6,Dashboard tổng quan của Người hành nghề chứng khoán toàn thị trường/Các chỉ tiêu tổng hợp thông tin chung,Cảnh báo NHNCK,Số NHN có vi phạm lũy kế đến ngày cuối cùng năm đã chọn,Dashboard,Chỉ tiêu cơ sở,NHNCK,fact_violation,violation_status_code,FILTER,= <mã HIỆU_LỰC>,Securities Practitioner Conduct Violation,Violation Status Code
K_NHNCK_6,Dashboard tổng quan của Người hành nghề chứng khoán toàn thị trường/Các chỉ tiêu tổng hợp thông tin chung,Cảnh báo NHNCK,Số NHN có vi phạm lũy kế đến ngày cuối cùng năm đã chọn,Dashboard,Chỉ tiêu cơ sở,NHNCK,fact_violation,DATA_DT,SLICER,<= CONCAT(@year_slicer; '-12-31'),Securities Practitioner Conduct Violation,Created Timestamp
K_NHNCK_6_YOY,Dashboard tổng quan của Người hành nghề chứng khoán toàn thị trường/Các chỉ tiêu tổng hợp thông tin chung,Cảnh báo NHNCK — YoY%,So sánh cùng kỳ K_NHNCK_6,Dashboard,Chỉ tiêu phái sinh,NHNCK,fact_violation,DATA_DT,SLICER,(K6_year_N - K6_year_N-1) / K6_year_N-1 × 100,, 
K_NHNCK_7,Dashboard tổng quan của Người hành nghề chứng khoán toàn thị trường/Biểu đồ Trình độ chuyên môn,Số lượng Tiến sĩ,Số lượng NHN trình độ Tiến sĩ,Dashboard,Chỉ tiêu cơ sở,NHNCK,fact_certificate_snapshot,PRACTITIONER_DIM_ID,MEASURE,COUNT DISTINCT,Securities Practitioner License Certificate Document,Practitioner Id
K_NHNCK_7,Dashboard tổng quan của Người hành nghề chứng khoán toàn thị trường/Biểu đồ Trình độ chuyên môn,Số lượng Tiến sĩ,Số lượng NHN trình độ Tiến sĩ,Dashboard,Chỉ tiêu cơ sở,NHNCK,fact_certificate_snapshot,current_status_code,FILTER,IN (<nhóm ACTIVE>),Securities Practitioner License Certificate Document,Certificate Status Code
K_NHNCK_7,Dashboard tổng quan của Người hành nghề chứng khoán toàn thị trường/Biểu đồ Trình độ chuyên môn,Số lượng Tiến sĩ,Số lượng NHN trình độ Tiến sĩ,Dashboard,Chỉ tiêu cơ sở,NHNCK,dim_practitioner,education_level_code,FILTER,= <mã TIẾN_SĨ>,Securities Practitioner,Education Level Code
K_NHNCK_7,Dashboard tổng quan của Người hành nghề chứng khoán toàn thị trường/Biểu đồ Trình độ chuyên môn,Số lượng Tiến sĩ,Số lượng NHN trình độ Tiến sĩ,Dashboard,Chỉ tiêu cơ sở,NHNCK,dim_practitioner,PRACTITIONER_DIM_ID,JOIN_KEY,JOIN fact_certificate_snapshot.PRACTITIONER_DIM_ID = dim_practitioner.PRACTITIONER_DIM_ID,Securities Practitioner,Practitioner Id
K_NHNCK_7,Dashboard tổng quan của Người hành nghề chứng khoán toàn thị trường/Biểu đồ Trình độ chuyên môn,Số lượng Tiến sĩ,Số lượng NHN trình độ Tiến sĩ,Dashboard,Chỉ tiêu cơ sở,NHNCK,fact_certificate_snapshot,DATA_DT,SLICER,= CONCAT(@year_slicer; '-12-31'),, 
K_NHNCK_8,Dashboard tổng quan của Người hành nghề chứng khoán toàn thị trường/Biểu đồ Trình độ chuyên môn,Số lượng Thạc sĩ,Số lượng NHN trình độ Thạc sĩ,Dashboard,Chỉ tiêu cơ sở,NHNCK,fact_certificate_snapshot,PRACTITIONER_DIM_ID,MEASURE,COUNT DISTINCT,Securities Practitioner License Certificate Document,Practitioner Id
K_NHNCK_8,Dashboard tổng quan của Người hành nghề chứng khoán toàn thị trường/Biểu đồ Trình độ chuyên môn,Số lượng Thạc sĩ,Số lượng NHN trình độ Thạc sĩ,Dashboard,Chỉ tiêu cơ sở,NHNCK,fact_certificate_snapshot,current_status_code,FILTER,IN (<nhóm ACTIVE>),Securities Practitioner License Certificate Document,Certificate Status Code
K_NHNCK_8,Dashboard tổng quan của Người hành nghề chứng khoán toàn thị trường/Biểu đồ Trình độ chuyên môn,Số lượng Thạc sĩ,Số lượng NHN trình độ Thạc sĩ,Dashboard,Chỉ tiêu cơ sở,NHNCK,dim_practitioner,education_level_code,FILTER,= <mã THẠC_SĨ>,Securities Practitioner,Education Level Code
K_NHNCK_8,Dashboard tổng quan của Người hành nghề chứng khoán toàn thị trường/Biểu đồ Trình độ chuyên môn,Số lượng Thạc sĩ,Số lượng NHN trình độ Thạc sĩ,Dashboard,Chỉ tiêu cơ sở,NHNCK,dim_practitioner,PRACTITIONER_DIM_ID,JOIN_KEY,JOIN fact_certificate_snapshot.PRACTITIONER_DIM_ID = dim_practitioner.PRACTITIONER_DIM_ID,Securities Practitioner,Practitioner Id
K_NHNCK_8,Dashboard tổng quan của Người hành nghề chứng khoán toàn thị trường/Biểu đồ Trình độ chuyên môn,Số lượng Thạc sĩ,Số lượng NHN trình độ Thạc sĩ,Dashboard,Chỉ tiêu cơ sở,NHNCK,fact_certificate_snapshot,DATA_DT,SLICER,= CONCAT(@year_slicer; '-12-31'),, 
K_NHNCK_9,Dashboard tổng quan của Người hành nghề chứng khoán toàn thị trường/Biểu đồ Trình độ chuyên môn,Số lượng Đại học,Số lượng NHN trình độ Đại học,Dashboard,Chỉ tiêu cơ sở,NHNCK,fact_certificate_snapshot,PRACTITIONER_DIM_ID,MEASURE,COUNT DISTINCT,Securities Practitioner License Certificate Document,Practitioner Id
K_NHNCK_9,Dashboard tổng quan của Người hành nghề chứng khoán toàn thị trường/Biểu đồ Trình độ chuyên môn,Số lượng Đại học,Số lượng NHN trình độ Đại học,Dashboard,Chỉ tiêu cơ sở,NHNCK,fact_certificate_snapshot,current_status_code,FILTER,IN (<nhóm ACTIVE>),Securities Practitioner License Certificate Document,Certificate Status Code
K_NHNCK_9,Dashboard tổng quan của Người hành nghề chứng khoán toàn thị trường/Biểu đồ Trình độ chuyên môn,Số lượng Đại học,Số lượng NHN trình độ Đại học,Dashboard,Chỉ tiêu cơ sở,NHNCK,dim_practitioner,education_level_code,FILTER,= <mã ĐẠI_HỌC>,Securities Practitioner,Education Level Code
K_NHNCK_9,Dashboard tổng quan của Người hành nghề chứng khoán toàn thị trường/Biểu đồ Trình độ chuyên môn,Số lượng Đại học,Số lượng NHN trình độ Đại học,Dashboard,Chỉ tiêu cơ sở,NHNCK,dim_practitioner,PRACTITIONER_DIM_ID,JOIN_KEY,JOIN fact_certificate_snapshot.PRACTITIONER_DIM_ID = dim_practitioner.PRACTITIONER_DIM_ID,Securities Practitioner,Practitioner Id
K_NHNCK_9,Dashboard tổng quan của Người hành nghề chứng khoán toàn thị trường/Biểu đồ Trình độ chuyên môn,Số lượng Đại học,Số lượng NHN trình độ Đại học,Dashboard,Chỉ tiêu cơ sở,NHNCK,fact_certificate_snapshot,DATA_DT,SLICER,= CONCAT(@year_slicer; '-12-31'),, 
K_NHNCK_10,Dashboard tổng quan của Người hành nghề chứng khoán toàn thị trường/Biểu đồ Trình độ chuyên môn,Tỷ lệ Tiến sĩ (%),Tỷ lệ NHN trình độ Tiến sĩ / Tổng số NHN,Dashboard,Chỉ tiêu phái sinh,NHNCK,,,,K_NHNCK_7 / K_NHNCK_1 × 100,, 
K_NHNCK_11,Dashboard tổng quan của Người hành nghề chứng khoán toàn thị trường/Biểu đồ Trình độ chuyên môn,Tỷ lệ Thạc sĩ (%),Tỷ lệ NHN trình độ Thạc sĩ / Tổng số NHN,Dashboard,Chỉ tiêu phái sinh,NHNCK,,,,K_NHNCK_8 / K_NHNCK_1 × 100,, 
K_NHNCK_12,Dashboard tổng quan của Người hành nghề chứng khoán toàn thị trường/Biểu đồ Trình độ chuyên môn,Tỷ lệ Đại học (%),Tỷ lệ NHN trình độ Đại học / Tổng số NHN,Dashboard,Chỉ tiêu phái sinh,NHNCK,,,,K_NHNCK_9 / K_NHNCK_1 × 100,, 
K_NHNCK_13,Dashboard tổng quan của Người hành nghề chứng khoán toàn thị trường/Biểu đồ Cơ cấu theo loại hình CCHN,Số lượng CCHN là Môi giới,Số lượng CCHN loại Môi giới,Dashboard,Chỉ tiêu cơ sở,NHNCK,fact_certificate_snapshot,cert_code,MEASURE,COUNT,Securities Practitioner License Certificate Document,License Certificate Document Code
K_NHNCK_13,Dashboard tổng quan của Người hành nghề chứng khoán toàn thị trường/Biểu đồ Cơ cấu theo loại hình CCHN,Số lượng CCHN là Môi giới,Số lượng CCHN loại Môi giới,Dashboard,Chỉ tiêu cơ sở,NHNCK,fact_certificate_snapshot,current_status_code,FILTER,IN (<nhóm ACTIVE>),Securities Practitioner License Certificate Document,Certificate Status Code
K_NHNCK_13,Dashboard tổng quan của Người hành nghề chứng khoán toàn thị trường/Biểu đồ Cơ cấu theo loại hình CCHN,Số lượng CCHN là Môi giới,Số lượng CCHN loại Môi giới,Dashboard,Chỉ tiêu cơ sở,NHNCK,fact_certificate_snapshot,cert_type_code,FILTER,= <mã MOI_GIOI>,Securities Practitioner License Certificate Document,Certificate Type Code
K_NHNCK_13,Dashboard tổng quan của Người hành nghề chứng khoán toàn thị trường/Biểu đồ Cơ cấu theo loại hình CCHN,Số lượng CCHN là Môi giới,Số lượng CCHN loại Môi giới,Dashboard,Chỉ tiêu cơ sở,NHNCK,fact_certificate_snapshot,DATA_DT,SLICER,= CONCAT(@year_slicer; '-12-31'),, 
K_NHNCK_14,Dashboard tổng quan của Người hành nghề chứng khoán toàn thị trường/Biểu đồ Cơ cấu theo loại hình CCHN,Số lượng CCHN là Phân tích,Số lượng CCHN loại Phân tích,Dashboard,Chỉ tiêu cơ sở,NHNCK,fact_certificate_snapshot,cert_code,MEASURE,COUNT,Securities Practitioner License Certificate Document,License Certificate Document Code
K_NHNCK_14,Dashboard tổng quan của Người hành nghề chứng khoán toàn thị trường/Biểu đồ Cơ cấu theo loại hình CCHN,Số lượng CCHN là Phân tích,Số lượng CCHN loại Phân tích,Dashboard,Chỉ tiêu cơ sở,NHNCK,fact_certificate_snapshot,current_status_code,FILTER,IN (<nhóm ACTIVE>),Securities Practitioner License Certificate Document,Certificate Status Code
K_NHNCK_14,Dashboard tổng quan của Người hành nghề chứng khoán toàn thị trường/Biểu đồ Cơ cấu theo loại hình CCHN,Số lượng CCHN là Phân tích,Số lượng CCHN loại Phân tích,Dashboard,Chỉ tiêu cơ sở,NHNCK,fact_certificate_snapshot,cert_type_code,FILTER,= <mã PHAN_TICH>,Securities Practitioner License Certificate Document,Certificate Type Code
K_NHNCK_14,Dashboard tổng quan của Người hành nghề chứng khoán toàn thị trường/Biểu đồ Cơ cấu theo loại hình CCHN,Số lượng CCHN là Phân tích,Số lượng CCHN loại Phân tích,Dashboard,Chỉ tiêu cơ sở,NHNCK,fact_certificate_snapshot,DATA_DT,SLICER,= CONCAT(@year_slicer; '-12-31'),, 
K_NHNCK_15,Dashboard tổng quan của Người hành nghề chứng khoán toàn thị trường/Biểu đồ Cơ cấu theo loại hình CCHN,Số lượng CCHN là QLQ,Số lượng CCHN loại Quản lý quỹ,Dashboard,Chỉ tiêu cơ sở,NHNCK,fact_certificate_snapshot,cert_code,MEASURE,COUNT,Securities Practitioner License Certificate Document,License Certificate Document Code
K_NHNCK_15,Dashboard tổng quan của Người hành nghề chứng khoán toàn thị trường/Biểu đồ Cơ cấu theo loại hình CCHN,Số lượng CCHN là QLQ,Số lượng CCHN loại Quản lý quỹ,Dashboard,Chỉ tiêu cơ sở,NHNCK,fact_certificate_snapshot,current_status_code,FILTER,IN (<nhóm ACTIVE>),Securities Practitioner License Certificate Document,Certificate Status Code
K_NHNCK_15,Dashboard tổng quan của Người hành nghề chứng khoán toàn thị trường/Biểu đồ Cơ cấu theo loại hình CCHN,Số lượng CCHN là QLQ,Số lượng CCHN loại Quản lý quỹ,Dashboard,Chỉ tiêu cơ sở,NHNCK,fact_certificate_snapshot,cert_type_code,FILTER,= <mã QLQ>,Securities Practitioner License Certificate Document,Certificate Type Code
K_NHNCK_15,Dashboard tổng quan của Người hành nghề chứng khoán toàn thị trường/Biểu đồ Cơ cấu theo loại hình CCHN,Số lượng CCHN là QLQ,Số lượng CCHN loại Quản lý quỹ,Dashboard,Chỉ tiêu cơ sở,NHNCK,fact_certificate_snapshot,DATA_DT,SLICER,= CONCAT(@year_slicer; '-12-31'),, 
K_NHNCK_16,Dashboard tổng quan của Người hành nghề chứng khoán toàn thị trường/Biểu đồ Phân bố độ tuổi,Số lượng NHN có độ tuổi 18-21 quốc tịch VN,Số lượng NHN có độ tuổi 18-21 quốc tịch VN,Dashboard,Chỉ tiêu cơ sở,NHNCK,fact_certificate_snapshot,PRACTITIONER_DIM_ID,MEASURE,COUNT DISTINCT,Securities Practitioner License Certificate Document,Practitioner Id
K_NHNCK_16,Dashboard tổng quan của Người hành nghề chứng khoán toàn thị trường/Biểu đồ Phân bố độ tuổi,Số lượng NHN có độ tuổi 18-21 quốc tịch VN,Số lượng NHN có độ tuổi 18-21 quốc tịch VN,Dashboard,Chỉ tiêu cơ sở,NHNCK,fact_certificate_snapshot,current_status_code,FILTER,IN (<nhóm ACTIVE>),Securities Practitioner License Certificate Document,Certificate Status Code
K_NHNCK_16,Dashboard tổng quan của Người hành nghề chứng khoán toàn thị trường/Biểu đồ Phân bố độ tuổi,Số lượng NHN có độ tuổi 18-21 quốc tịch VN,Số lượng NHN có độ tuổi 18-21 quốc tịch VN,Dashboard,Chỉ tiêu cơ sở,NHNCK,dim_practitioner,date_of_birth,FILTER,DATEDIFF(YEAR; date_of_birth; DATA_DT) BETWEEN 18 AND 21,Securities Practitioner,Date Of Birth
K_NHNCK_16,Dashboard tổng quan của Người hành nghề chứng khoán toàn thị trường/Biểu đồ Phân bố độ tuổi,Số lượng NHN có độ tuổi 18-21 quốc tịch VN,Số lượng NHN có độ tuổi 18-21 quốc tịch VN,Dashboard,Chỉ tiêu cơ sở,NHNCK,dim_practitioner,is_vietnamese_flag,FILTER,= TRUE,Derived,nationality_code = 'VN'
K_NHNCK_16,Dashboard tổng quan của Người hành nghề chứng khoán toàn thị trường/Biểu đồ Phân bố độ tuổi,Số lượng NHN có độ tuổi 18-21 quốc tịch VN,Số lượng NHN có độ tuổi 18-21 quốc tịch VN,Dashboard,Chỉ tiêu cơ sở,NHNCK,dim_practitioner,PRACTITIONER_DIM_ID,JOIN_KEY,JOIN fact_certificate_snapshot.PRACTITIONER_DIM_ID = dim_practitioner.PRACTITIONER_DIM_ID,Securities Practitioner,Practitioner Id
K_NHNCK_16,Dashboard tổng quan của Người hành nghề chứng khoán toàn thị trường/Biểu đồ Phân bố độ tuổi,Số lượng NHN có độ tuổi 18-21 quốc tịch VN,Số lượng NHN có độ tuổi 18-21 quốc tịch VN,Dashboard,Chỉ tiêu cơ sở,NHNCK,fact_certificate_snapshot,DATA_DT,SLICER,= CONCAT(@year_slicer; '-12-31'),, 
K_NHNCK_17,Dashboard tổng quan của Người hành nghề chứng khoán toàn thị trường/Biểu đồ Phân bố độ tuổi,Số lượng NHN có độ tuổi 22-30 quốc tịch VN,Số lượng NHN có độ tuổi 22-30 quốc tịch VN,Dashboard,Chỉ tiêu cơ sở,NHNCK,fact_certificate_snapshot,PRACTITIONER_DIM_ID,MEASURE,COUNT DISTINCT,Securities Practitioner License Certificate Document,Practitioner Id
K_NHNCK_17,Dashboard tổng quan của Người hành nghề chứng khoán toàn thị trường/Biểu đồ Phân bố độ tuổi,Số lượng NHN có độ tuổi 22-30 quốc tịch VN,Số lượng NHN có độ tuổi 22-30 quốc tịch VN,Dashboard,Chỉ tiêu cơ sở,NHNCK,fact_certificate_snapshot,current_status_code,FILTER,IN (<nhóm ACTIVE>),Securities Practitioner License Certificate Document,Certificate Status Code
K_NHNCK_17,Dashboard tổng quan của Người hành nghề chứng khoán toàn thị trường/Biểu đồ Phân bố độ tuổi,Số lượng NHN có độ tuổi 22-30 quốc tịch VN,Số lượng NHN có độ tuổi 22-30 quốc tịch VN,Dashboard,Chỉ tiêu cơ sở,NHNCK,dim_practitioner,date_of_birth,FILTER,DATEDIFF(YEAR; date_of_birth; DATA_DT) BETWEEN 22 AND 30,Securities Practitioner,Date Of Birth
K_NHNCK_17,Dashboard tổng quan của Người hành nghề chứng khoán toàn thị trường/Biểu đồ Phân bố độ tuổi,Số lượng NHN có độ tuổi 22-30 quốc tịch VN,Số lượng NHN có độ tuổi 22-30 quốc tịch VN,Dashboard,Chỉ tiêu cơ sở,NHNCK,dim_practitioner,is_vietnamese_flag,FILTER,= TRUE,Derived,nationality_code = 'VN'
K_NHNCK_17,Dashboard tổng quan của Người hành nghề chứng khoán toàn thị trường/Biểu đồ Phân bố độ tuổi,Số lượng NHN có độ tuổi 22-30 quốc tịch VN,Số lượng NHN có độ tuổi 22-30 quốc tịch VN,Dashboard,Chỉ tiêu cơ sở,NHNCK,dim_practitioner,PRACTITIONER_DIM_ID,JOIN_KEY,JOIN fact_certificate_snapshot.PRACTITIONER_DIM_ID = dim_practitioner.PRACTITIONER_DIM_ID,Securities Practitioner,Practitioner Id
K_NHNCK_17,Dashboard tổng quan của Người hành nghề chứng khoán toàn thị trường/Biểu đồ Phân bố độ tuổi,Số lượng NHN có độ tuổi 22-30 quốc tịch VN,Số lượng NHN có độ tuổi 22-30 quốc tịch VN,Dashboard,Chỉ tiêu cơ sở,NHNCK,fact_certificate_snapshot,DATA_DT,SLICER,= CONCAT(@year_slicer; '-12-31'),, 
K_NHNCK_18,Dashboard tổng quan của Người hành nghề chứng khoán toàn thị trường/Biểu đồ Phân bố độ tuổi,Số lượng NHN có độ tuổi 31-40 quốc tịch VN,Số lượng NHN có độ tuổi 31-40 quốc tịch VN,Dashboard,Chỉ tiêu cơ sở,NHNCK,fact_certificate_snapshot,PRACTITIONER_DIM_ID,MEASURE,COUNT DISTINCT,Securities Practitioner License Certificate Document,Practitioner Id
K_NHNCK_18,Dashboard tổng quan của Người hành nghề chứng khoán toàn thị trường/Biểu đồ Phân bố độ tuổi,Số lượng NHN có độ tuổi 31-40 quốc tịch VN,Số lượng NHN có độ tuổi 31-40 quốc tịch VN,Dashboard,Chỉ tiêu cơ sở,NHNCK,fact_certificate_snapshot,current_status_code,FILTER,IN (<nhóm ACTIVE>),Securities Practitioner License Certificate Document,Certificate Status Code
K_NHNCK_18,Dashboard tổng quan của Người hành nghề chứng khoán toàn thị trường/Biểu đồ Phân bố độ tuổi,Số lượng NHN có độ tuổi 31-40 quốc tịch VN,Số lượng NHN có độ tuổi 31-40 quốc tịch VN,Dashboard,Chỉ tiêu cơ sở,NHNCK,dim_practitioner,date_of_birth,FILTER,DATEDIFF(YEAR; date_of_birth; DATA_DT) BETWEEN 31 AND 40,Securities Practitioner,Date Of Birth
K_NHNCK_18,Dashboard tổng quan của Người hành nghề chứng khoán toàn thị trường/Biểu đồ Phân bố độ tuổi,Số lượng NHN có độ tuổi 31-40 quốc tịch VN,Số lượng NHN có độ tuổi 31-40 quốc tịch VN,Dashboard,Chỉ tiêu cơ sở,NHNCK,dim_practitioner,is_vietnamese_flag,FILTER,= TRUE,Derived,nationality_code = 'VN'
K_NHNCK_18,Dashboard tổng quan của Người hành nghề chứng khoán toàn thị trường/Biểu đồ Phân bố độ tuổi,Số lượng NHN có độ tuổi 31-40 quốc tịch VN,Số lượng NHN có độ tuổi 31-40 quốc tịch VN,Dashboard,Chỉ tiêu cơ sở,NHNCK,dim_practitioner,PRACTITIONER_DIM_ID,JOIN_KEY,JOIN fact_certificate_snapshot.PRACTITIONER_DIM_ID = dim_practitioner.PRACTITIONER_DIM_ID,Securities Practitioner,Practitioner Id
K_NHNCK_18,Dashboard tổng quan của Người hành nghề chứng khoán toàn thị trường/Biểu đồ Phân bố độ tuổi,Số lượng NHN có độ tuổi 31-40 quốc tịch VN,Số lượng NHN có độ tuổi 31-40 quốc tịch VN,Dashboard,Chỉ tiêu cơ sở,NHNCK,fact_certificate_snapshot,DATA_DT,SLICER,= CONCAT(@year_slicer; '-12-31'),, 
K_NHNCK_19,Dashboard tổng quan của Người hành nghề chứng khoán toàn thị trường/Biểu đồ Phân bố độ tuổi,Số lượng NHN có độ tuổi 41-50 quốc tịch VN,Số lượng NHN có độ tuổi 41-50 quốc tịch VN,Dashboard,Chỉ tiêu cơ sở,NHNCK,fact_certificate_snapshot,PRACTITIONER_DIM_ID,MEASURE,COUNT DISTINCT,Securities Practitioner License Certificate Document,Practitioner Id
K_NHNCK_19,Dashboard tổng quan của Người hành nghề chứng khoán toàn thị trường/Biểu đồ Phân bố độ tuổi,Số lượng NHN có độ tuổi 41-50 quốc tịch VN,Số lượng NHN có độ tuổi 41-50 quốc tịch VN,Dashboard,Chỉ tiêu cơ sở,NHNCK,fact_certificate_snapshot,current_status_code,FILTER,IN (<nhóm ACTIVE>),Securities Practitioner License Certificate Document,Certificate Status Code
K_NHNCK_19,Dashboard tổng quan của Người hành nghề chứng khoán toàn thị trường/Biểu đồ Phân bố độ tuổi,Số lượng NHN có độ tuổi 41-50 quốc tịch VN,Số lượng NHN có độ tuổi 41-50 quốc tịch VN,Dashboard,Chỉ tiêu cơ sở,NHNCK,dim_practitioner,date_of_birth,FILTER,DATEDIFF(YEAR; date_of_birth; DATA_DT) BETWEEN 41 AND 50,Securities Practitioner,Date Of Birth
K_NHNCK_19,Dashboard tổng quan của Người hành nghề chứng khoán toàn thị trường/Biểu đồ Phân bố độ tuổi,Số lượng NHN có độ tuổi 41-50 quốc tịch VN,Số lượng NHN có độ tuổi 41-50 quốc tịch VN,Dashboard,Chỉ tiêu cơ sở,NHNCK,dim_practitioner,is_vietnamese_flag,FILTER,= TRUE,Derived,nationality_code = 'VN'
K_NHNCK_19,Dashboard tổng quan của Người hành nghề chứng khoán toàn thị trường/Biểu đồ Phân bố độ tuổi,Số lượng NHN có độ tuổi 41-50 quốc tịch VN,Số lượng NHN có độ tuổi 41-50 quốc tịch VN,Dashboard,Chỉ tiêu cơ sở,NHNCK,dim_practitioner,PRACTITIONER_DIM_ID,JOIN_KEY,JOIN fact_certificate_snapshot.PRACTITIONER_DIM_ID = dim_practitioner.PRACTITIONER_DIM_ID,Securities Practitioner,Practitioner Id
K_NHNCK_19,Dashboard tổng quan của Người hành nghề chứng khoán toàn thị trường/Biểu đồ Phân bố độ tuổi,Số lượng NHN có độ tuổi 41-50 quốc tịch VN,Số lượng NHN có độ tuổi 41-50 quốc tịch VN,Dashboard,Chỉ tiêu cơ sở,NHNCK,fact_certificate_snapshot,DATA_DT,SLICER,= CONCAT(@year_slicer; '-12-31'),, 
K_NHNCK_20,Dashboard tổng quan của Người hành nghề chứng khoán toàn thị trường/Biểu đồ Phân bố độ tuổi,Số lượng NHN có độ tuổi 50+ quốc tịch VN,Số lượng NHN có độ tuổi 50+ quốc tịch VN,Dashboard,Chỉ tiêu cơ sở,NHNCK,fact_certificate_snapshot,PRACTITIONER_DIM_ID,MEASURE,COUNT DISTINCT,Securities Practitioner License Certificate Document,Practitioner Id
K_NHNCK_20,Dashboard tổng quan của Người hành nghề chứng khoán toàn thị trường/Biểu đồ Phân bố độ tuổi,Số lượng NHN có độ tuổi 50+ quốc tịch VN,Số lượng NHN có độ tuổi 50+ quốc tịch VN,Dashboard,Chỉ tiêu cơ sở,NHNCK,fact_certificate_snapshot,current_status_code,FILTER,IN (<nhóm ACTIVE>),Securities Practitioner License Certificate Document,Certificate Status Code
K_NHNCK_20,Dashboard tổng quan của Người hành nghề chứng khoán toàn thị trường/Biểu đồ Phân bố độ tuổi,Số lượng NHN có độ tuổi 50+ quốc tịch VN,Số lượng NHN có độ tuổi 50+ quốc tịch VN,Dashboard,Chỉ tiêu cơ sở,NHNCK,dim_practitioner,date_of_birth,FILTER,DATEDIFF(YEAR; date_of_birth; DATA_DT) > 50,Securities Practitioner,Date Of Birth
K_NHNCK_20,Dashboard tổng quan của Người hành nghề chứng khoán toàn thị trường/Biểu đồ Phân bố độ tuổi,Số lượng NHN có độ tuổi 50+ quốc tịch VN,Số lượng NHN có độ tuổi 50+ quốc tịch VN,Dashboard,Chỉ tiêu cơ sở,NHNCK,dim_practitioner,is_vietnamese_flag,FILTER,= TRUE,Derived,nationality_code = 'VN'
K_NHNCK_20,Dashboard tổng quan của Người hành nghề chứng khoán toàn thị trường/Biểu đồ Phân bố độ tuổi,Số lượng NHN có độ tuổi 50+ quốc tịch VN,Số lượng NHN có độ tuổi 50+ quốc tịch VN,Dashboard,Chỉ tiêu cơ sở,NHNCK,dim_practitioner,PRACTITIONER_DIM_ID,JOIN_KEY,JOIN fact_certificate_snapshot.PRACTITIONER_DIM_ID = dim_practitioner.PRACTITIONER_DIM_ID,Securities Practitioner,Practitioner Id
K_NHNCK_20,Dashboard tổng quan của Người hành nghề chứng khoán toàn thị trường/Biểu đồ Phân bố độ tuổi,Số lượng NHN có độ tuổi 50+ quốc tịch VN,Số lượng NHN có độ tuổi 50+ quốc tịch VN,Dashboard,Chỉ tiêu cơ sở,NHNCK,fact_certificate_snapshot,DATA_DT,SLICER,= CONCAT(@year_slicer; '-12-31'),, 
K_NHNCK_21,Dashboard tổng quan của Người hành nghề chứng khoán toàn thị trường/Biểu đồ Phân bố độ tuổi,Số lượng NHN có độ tuổi 18-21 quốc tịch nước ngoài,Số lượng NHN có độ tuổi 18-21 quốc tịch nước ngoài,Dashboard,Chỉ tiêu cơ sở,NHNCK,fact_certificate_snapshot,PRACTITIONER_DIM_ID,MEASURE,COUNT DISTINCT,Securities Practitioner License Certificate Document,Practitioner Id
K_NHNCK_21,Dashboard tổng quan của Người hành nghề chứng khoán toàn thị trường/Biểu đồ Phân bố độ tuổi,Số lượng NHN có độ tuổi 18-21 quốc tịch nước ngoài,Số lượng NHN có độ tuổi 18-21 quốc tịch nước ngoài,Dashboard,Chỉ tiêu cơ sở,NHNCK,fact_certificate_snapshot,current_status_code,FILTER,IN (<nhóm ACTIVE>),Securities Practitioner License Certificate Document,Certificate Status Code
K_NHNCK_21,Dashboard tổng quan của Người hành nghề chứng khoán toàn thị trường/Biểu đồ Phân bố độ tuổi,Số lượng NHN có độ tuổi 18-21 quốc tịch nước ngoài,Số lượng NHN có độ tuổi 18-21 quốc tịch nước ngoài,Dashboard,Chỉ tiêu cơ sở,NHNCK,dim_practitioner,date_of_birth,FILTER,DATEDIFF(YEAR; date_of_birth; DATA_DT) BETWEEN 18 AND 21,Securities Practitioner,Date Of Birth
K_NHNCK_21,Dashboard tổng quan của Người hành nghề chứng khoán toàn thị trường/Biểu đồ Phân bố độ tuổi,Số lượng NHN có độ tuổi 18-21 quốc tịch nước ngoài,Số lượng NHN có độ tuổi 18-21 quốc tịch nước ngoài,Dashboard,Chỉ tiêu cơ sở,NHNCK,dim_practitioner,is_vietnamese_flag,FILTER,= FALSE,Derived,nationality_code != 'VN'
K_NHNCK_21,Dashboard tổng quan của Người hành nghề chứng khoán toàn thị trường/Biểu đồ Phân bố độ tuổi,Số lượng NHN có độ tuổi 18-21 quốc tịch nước ngoài,Số lượng NHN có độ tuổi 18-21 quốc tịch nước ngoài,Dashboard,Chỉ tiêu cơ sở,NHNCK,dim_practitioner,PRACTITIONER_DIM_ID,JOIN_KEY,JOIN fact_certificate_snapshot.PRACTITIONER_DIM_ID = dim_practitioner.PRACTITIONER_DIM_ID,Securities Practitioner,Practitioner Id
K_NHNCK_21,Dashboard tổng quan của Người hành nghề chứng khoán toàn thị trường/Biểu đồ Phân bố độ tuổi,Số lượng NHN có độ tuổi 18-21 quốc tịch nước ngoài,Số lượng NHN có độ tuổi 18-21 quốc tịch nước ngoài,Dashboard,Chỉ tiêu cơ sở,NHNCK,fact_certificate_snapshot,DATA_DT,SLICER,= CONCAT(@year_slicer; '-12-31'),, 
K_NHNCK_22,Dashboard tổng quan của Người hành nghề chứng khoán toàn thị trường/Biểu đồ Phân bố độ tuổi,Số lượng NHN có độ tuổi 22-30 quốc tịch nước ngoài,Số lượng NHN có độ tuổi 22-30 quốc tịch nước ngoài,Dashboard,Chỉ tiêu cơ sở,NHNCK,fact_certificate_snapshot,PRACTITIONER_DIM_ID,MEASURE,COUNT DISTINCT,Securities Practitioner License Certificate Document,Practitioner Id
K_NHNCK_22,Dashboard tổng quan của Người hành nghề chứng khoán toàn thị trường/Biểu đồ Phân bố độ tuổi,Số lượng NHN có độ tuổi 22-30 quốc tịch nước ngoài,Số lượng NHN có độ tuổi 22-30 quốc tịch nước ngoài,Dashboard,Chỉ tiêu cơ sở,NHNCK,fact_certificate_snapshot,current_status_code,FILTER,IN (<nhóm ACTIVE>),Securities Practitioner License Certificate Document,Certificate Status Code
K_NHNCK_22,Dashboard tổng quan của Người hành nghề chứng khoán toàn thị trường/Biểu đồ Phân bố độ tuổi,Số lượng NHN có độ tuổi 22-30 quốc tịch nước ngoài,Số lượng NHN có độ tuổi 22-30 quốc tịch nước ngoài,Dashboard,Chỉ tiêu cơ sở,NHNCK,dim_practitioner,date_of_birth,FILTER,DATEDIFF(YEAR; date_of_birth; DATA_DT) BETWEEN 22 AND 30,Securities Practitioner,Date Of Birth
K_NHNCK_22,Dashboard tổng quan của Người hành nghề chứng khoán toàn thị trường/Biểu đồ Phân bố độ tuổi,Số lượng NHN có độ tuổi 22-30 quốc tịch nước ngoài,Số lượng NHN có độ tuổi 22-30 quốc tịch nước ngoài,Dashboard,Chỉ tiêu cơ sở,NHNCK,dim_practitioner,is_vietnamese_flag,FILTER,= FALSE,Derived,nationality_code != 'VN'
K_NHNCK_22,Dashboard tổng quan của Người hành nghề chứng khoán toàn thị trường/Biểu đồ Phân bố độ tuổi,Số lượng NHN có độ tuổi 22-30 quốc tịch nước ngoài,Số lượng NHN có độ tuổi 22-30 quốc tịch nước ngoài,Dashboard,Chỉ tiêu cơ sở,NHNCK,dim_practitioner,PRACTITIONER_DIM_ID,JOIN_KEY,JOIN fact_certificate_snapshot.PRACTITIONER_DIM_ID = dim_practitioner.PRACTITIONER_DIM_ID,Securities Practitioner,Practitioner Id
K_NHNCK_22,Dashboard tổng quan của Người hành nghề chứng khoán toàn thị trường/Biểu đồ Phân bố độ tuổi,Số lượng NHN có độ tuổi 22-30 quốc tịch nước ngoài,Số lượng NHN có độ tuổi 22-30 quốc tịch nước ngoài,Dashboard,Chỉ tiêu cơ sở,NHNCK,fact_certificate_snapshot,DATA_DT,SLICER,= CONCAT(@year_slicer; '-12-31'),, 
K_NHNCK_23,Dashboard tổng quan của Người hành nghề chứng khoán toàn thị trường/Biểu đồ Phân bố độ tuổi,Số lượng NHN có độ tuổi 31-40 quốc tịch nước ngoài,Số lượng NHN có độ tuổi 31-40 quốc tịch nước ngoài,Dashboard,Chỉ tiêu cơ sở,NHNCK,fact_certificate_snapshot,PRACTITIONER_DIM_ID,MEASURE,COUNT DISTINCT,Securities Practitioner License Certificate Document,Practitioner Id
K_NHNCK_23,Dashboard tổng quan của Người hành nghề chứng khoán toàn thị trường/Biểu đồ Phân bố độ tuổi,Số lượng NHN có độ tuổi 31-40 quốc tịch nước ngoài,Số lượng NHN có độ tuổi 31-40 quốc tịch nước ngoài,Dashboard,Chỉ tiêu cơ sở,NHNCK,fact_certificate_snapshot,current_status_code,FILTER,IN (<nhóm ACTIVE>),Securities Practitioner License Certificate Document,Certificate Status Code
K_NHNCK_23,Dashboard tổng quan của Người hành nghề chứng khoán toàn thị trường/Biểu đồ Phân bố độ tuổi,Số lượng NHN có độ tuổi 31-40 quốc tịch nước ngoài,Số lượng NHN có độ tuổi 31-40 quốc tịch nước ngoài,Dashboard,Chỉ tiêu cơ sở,NHNCK,dim_practitioner,date_of_birth,FILTER,DATEDIFF(YEAR; date_of_birth; DATA_DT) BETWEEN 31 AND 40,Securities Practitioner,Date Of Birth
K_NHNCK_23,Dashboard tổng quan của Người hành nghề chứng khoán toàn thị trường/Biểu đồ Phân bố độ tuổi,Số lượng NHN có độ tuổi 31-40 quốc tịch nước ngoài,Số lượng NHN có độ tuổi 31-40 quốc tịch nước ngoài,Dashboard,Chỉ tiêu cơ sở,NHNCK,dim_practitioner,is_vietnamese_flag,FILTER,= FALSE,Derived,nationality_code != 'VN'
K_NHNCK_23,Dashboard tổng quan của Người hành nghề chứng khoán toàn thị trường/Biểu đồ Phân bố độ tuổi,Số lượng NHN có độ tuổi 31-40 quốc tịch nước ngoài,Số lượng NHN có độ tuổi 31-40 quốc tịch nước ngoài,Dashboard,Chỉ tiêu cơ sở,NHNCK,dim_practitioner,PRACTITIONER_DIM_ID,JOIN_KEY,JOIN fact_certificate_snapshot.PRACTITIONER_DIM_ID = dim_practitioner.PRACTITIONER_DIM_ID,Securities Practitioner,Practitioner Id
K_NHNCK_23,Dashboard tổng quan của Người hành nghề chứng khoán toàn thị trường/Biểu đồ Phân bố độ tuổi,Số lượng NHN có độ tuổi 31-40 quốc tịch nước ngoài,Số lượng NHN có độ tuổi 31-40 quốc tịch nước ngoài,Dashboard,Chỉ tiêu cơ sở,NHNCK,fact_certificate_snapshot,DATA_DT,SLICER,= CONCAT(@year_slicer; '-12-31'),, 
K_NHNCK_24,Dashboard tổng quan của Người hành nghề chứng khoán toàn thị trường/Biểu đồ Phân bố độ tuổi,Số lượng NHN có độ tuổi 41-50 quốc tịch nước ngoài,Số lượng NHN có độ tuổi 41-50 quốc tịch nước ngoài,Dashboard,Chỉ tiêu cơ sở,NHNCK,fact_certificate_snapshot,PRACTITIONER_DIM_ID,MEASURE,COUNT DISTINCT,Securities Practitioner License Certificate Document,Practitioner Id
K_NHNCK_24,Dashboard tổng quan của Người hành nghề chứng khoán toàn thị trường/Biểu đồ Phân bố độ tuổi,Số lượng NHN có độ tuổi 41-50 quốc tịch nước ngoài,Số lượng NHN có độ tuổi 41-50 quốc tịch nước ngoài,Dashboard,Chỉ tiêu cơ sở,NHNCK,fact_certificate_snapshot,current_status_code,FILTER,IN (<nhóm ACTIVE>),Securities Practitioner License Certificate Document,Certificate Status Code
K_NHNCK_24,Dashboard tổng quan của Người hành nghề chứng khoán toàn thị trường/Biểu đồ Phân bố độ tuổi,Số lượng NHN có độ tuổi 41-50 quốc tịch nước ngoài,Số lượng NHN có độ tuổi 41-50 quốc tịch nước ngoài,Dashboard,Chỉ tiêu cơ sở,NHNCK,dim_practitioner,date_of_birth,FILTER,DATEDIFF(YEAR; date_of_birth; DATA_DT) BETWEEN 41 AND 50,Securities Practitioner,Date Of Birth
K_NHNCK_24,Dashboard tổng quan của Người hành nghề chứng khoán toàn thị trường/Biểu đồ Phân bố độ tuổi,Số lượng NHN có độ tuổi 41-50 quốc tịch nước ngoài,Số lượng NHN có độ tuổi 41-50 quốc tịch nước ngoài,Dashboard,Chỉ tiêu cơ sở,NHNCK,dim_practitioner,is_vietnamese_flag,FILTER,= FALSE,Derived,nationality_code != 'VN'
K_NHNCK_24,Dashboard tổng quan của Người hành nghề chứng khoán toàn thị trường/Biểu đồ Phân bố độ tuổi,Số lượng NHN có độ tuổi 41-50 quốc tịch nước ngoài,Số lượng NHN có độ tuổi 41-50 quốc tịch nước ngoài,Dashboard,Chỉ tiêu cơ sở,NHNCK,dim_practitioner,PRACTITIONER_DIM_ID,JOIN_KEY,JOIN fact_certificate_snapshot.PRACTITIONER_DIM_ID = dim_practitioner.PRACTITIONER_DIM_ID,Securities Practitioner,Practitioner Id
K_NHNCK_24,Dashboard tổng quan của Người hành nghề chứng khoán toàn thị trường/Biểu đồ Phân bố độ tuổi,Số lượng NHN có độ tuổi 41-50 quốc tịch nước ngoài,Số lượng NHN có độ tuổi 41-50 quốc tịch nước ngoài,Dashboard,Chỉ tiêu cơ sở,NHNCK,fact_certificate_snapshot,DATA_DT,SLICER,= CONCAT(@year_slicer; '-12-31'),, 
K_NHNCK_25,Dashboard tổng quan của Người hành nghề chứng khoán toàn thị trường/Biểu đồ Phân bố độ tuổi,Số lượng NHN có độ tuổi 50+ quốc tịch nước ngoài,Số lượng NHN có độ tuổi 50+ quốc tịch nước ngoài,Dashboard,Chỉ tiêu cơ sở,NHNCK,fact_certificate_snapshot,PRACTITIONER_DIM_ID,MEASURE,COUNT DISTINCT,Securities Practitioner License Certificate Document,Practitioner Id
K_NHNCK_25,Dashboard tổng quan của Người hành nghề chứng khoán toàn thị trường/Biểu đồ Phân bố độ tuổi,Số lượng NHN có độ tuổi 50+ quốc tịch nước ngoài,Số lượng NHN có độ tuổi 50+ quốc tịch nước ngoài,Dashboard,Chỉ tiêu cơ sở,NHNCK,fact_certificate_snapshot,current_status_code,FILTER,IN (<nhóm ACTIVE>),Securities Practitioner License Certificate Document,Certificate Status Code
K_NHNCK_25,Dashboard tổng quan của Người hành nghề chứng khoán toàn thị trường/Biểu đồ Phân bố độ tuổi,Số lượng NHN có độ tuổi 50+ quốc tịch nước ngoài,Số lượng NHN có độ tuổi 50+ quốc tịch nước ngoài,Dashboard,Chỉ tiêu cơ sở,NHNCK,dim_practitioner,date_of_birth,FILTER,DATEDIFF(YEAR; date_of_birth; DATA_DT) > 50,Securities Practitioner,Date Of Birth
K_NHNCK_25,Dashboard tổng quan của Người hành nghề chứng khoán toàn thị trường/Biểu đồ Phân bố độ tuổi,Số lượng NHN có độ tuổi 50+ quốc tịch nước ngoài,Số lượng NHN có độ tuổi 50+ quốc tịch nước ngoài,Dashboard,Chỉ tiêu cơ sở,NHNCK,dim_practitioner,is_vietnamese_flag,FILTER,= FALSE,Derived,nationality_code != 'VN'
K_NHNCK_25,Dashboard tổng quan của Người hành nghề chứng khoán toàn thị trường/Biểu đồ Phân bố độ tuổi,Số lượng NHN có độ tuổi 50+ quốc tịch nước ngoài,Số lượng NHN có độ tuổi 50+ quốc tịch nước ngoài,Dashboard,Chỉ tiêu cơ sở,NHNCK,dim_practitioner,PRACTITIONER_DIM_ID,JOIN_KEY,JOIN fact_certificate_snapshot.PRACTITIONER_DIM_ID = dim_practitioner.PRACTITIONER_DIM_ID,Securities Practitioner,Practitioner Id
K_NHNCK_25,Dashboard tổng quan của Người hành nghề chứng khoán toàn thị trường/Biểu đồ Phân bố độ tuổi,Số lượng NHN có độ tuổi 50+ quốc tịch nước ngoài,Số lượng NHN có độ tuổi 50+ quốc tịch nước ngoài,Dashboard,Chỉ tiêu cơ sở,NHNCK,fact_certificate_snapshot,DATA_DT,SLICER,= CONCAT(@year_slicer; '-12-31'),, 
K_NHNCK_26,Dashboard Tra cứu hồ sơ 360,Họ tên,Họ tên của NHNCK,Dashboard,Chỉ tiêu cơ sở,NHNCK,dim_practitioner,full_name,MEASURE,Display,Securities Practitioner,Full Name
K_NHNCK_26,Dashboard Tra cứu hồ sơ 360,Họ tên,Họ tên của NHNCK,Dashboard,Chỉ tiêu cơ sở,NHNCK,dim_practitioner,PRACTITIONER_DIM_ID,FILTER,= @selected_practitioner,Securities Practitioner,Practitioner Id
K_NHNCK_27,Dashboard Tra cứu hồ sơ 360,Ngày sinh,Ngày sinh của NHNCK,Dashboard,Chỉ tiêu cơ sở,NHNCK,dim_practitioner,date_of_birth,MEASURE,Display,Securities Practitioner,Date Of Birth
K_NHNCK_27,Dashboard Tra cứu hồ sơ 360,Ngày sinh,Ngày sinh của NHNCK,Dashboard,Chỉ tiêu cơ sở,NHNCK,dim_practitioner,PRACTITIONER_DIM_ID,FILTER,= @selected_practitioner,Securities Practitioner,Practitioner Id
K_NHNCK_28,Dashboard Tra cứu hồ sơ 360,Tuổi,Tuổi của NHNCK,Dashboard,Chỉ tiêu cơ sở,NHNCK,dim_practitioner,date_of_birth,MEASURE,DATEDIFF(YEAR; date_of_birth; GETDATE()),Securities Practitioner,Date Of Birth
K_NHNCK_28,Dashboard Tra cứu hồ sơ 360,Tuổi,Tuổi của NHNCK,Dashboard,Chỉ tiêu cơ sở,NHNCK,dim_practitioner,PRACTITIONER_DIM_ID,FILTER,= @selected_practitioner,Securities Practitioner,Practitioner Id
K_NHNCK_29,Dashboard Tra cứu hồ sơ 360,Quốc tịch,Quốc tịch của NHNCK,Dashboard,Chỉ tiêu cơ sở,NHNCK,dim_practitioner,nationality_code,MEASURE,Display,Securities Practitioner,Nationality Code
K_NHNCK_29,Dashboard Tra cứu hồ sơ 360,Quốc tịch,Quốc tịch của NHNCK,Dashboard,Chỉ tiêu cơ sở,NHNCK,dim_practitioner,PRACTITIONER_DIM_ID,FILTER,= @selected_practitioner,Securities Practitioner,Practitioner Id
K_NHNCK_30,Dashboard Tra cứu hồ sơ 360,Số định danh cá nhân/Hộ chiếu,Số định danh cá nhân hoặc số hộ chiếu,Dashboard,Chỉ tiêu cơ sở,NHNCK,dim_practitioner,identification_number,MEASURE,Display,Involved Party Alternative Identification,Identification Number
K_NHNCK_30,Dashboard Tra cứu hồ sơ 360,Số định danh cá nhân/Hộ chiếu,Số định danh cá nhân hoặc số hộ chiếu,Dashboard,Chỉ tiêu cơ sở,NHNCK,dim_practitioner,PRACTITIONER_DIM_ID,FILTER,= @selected_practitioner,Securities Practitioner,Practitioner Id
K_NHNCK_31,Dashboard Tra cứu hồ sơ 360,Nơi công tác hiện tại,Nơi công tác hiện tại,Dashboard,Chỉ tiêu cơ sở,NHNCK,dim_organization,organization_name,MEASURE,Display,Securities Organization Reference,Organization Name
K_NHNCK_31,Dashboard Tra cứu hồ sơ 360,Nơi công tác hiện tại,Nơi công tác hiện tại,Dashboard,Chỉ tiêu cơ sở,NHNCK,fact_employment_history,is_current_flag,FILTER,= TRUE,Derived,Derived
K_NHNCK_31,Dashboard Tra cứu hồ sơ 360,Nơi công tác hiện tại,Nơi công tác hiện tại,Dashboard,Chỉ tiêu cơ sở,NHNCK,fact_employment_history,PRACTITIONER_DIM_ID,JOIN_KEY,JOIN dim_practitioner.PRACTITIONER_DIM_ID,Securities Practitioner,Practitioner Id
K_NHNCK_31,Dashboard Tra cứu hồ sơ 360,Nơi công tác hiện tại,Nơi công tác hiện tại,Dashboard,Chỉ tiêu cơ sở,NHNCK,fact_employment_history,ORGANIZATION_DIM_ID,JOIN_KEY,JOIN dim_organization.ORGANIZATION_DIM_ID,Securities Organization Reference,Securities Organization Reference Id
K_NHNCK_32,Dashboard Tra cứu hồ sơ 360,Loại CCHN,Loại CCHN,Dashboard,Chỉ tiêu cơ sở,NHNCK,fact_certificate_snapshot,cert_type_name,MEASURE,Display,Securities Practitioner License Certificate Document,Certificate Type Code
K_NHNCK_32,Dashboard Tra cứu hồ sơ 360,Loại CCHN,Loại CCHN,Dashboard,Chỉ tiêu cơ sở,NHNCK,fact_certificate_snapshot,PRACTITIONER_DIM_ID,FILTER,= @selected_practitioner,Securities Practitioner,Practitioner Id
K_NHNCK_32,Dashboard Tra cứu hồ sơ 360,Loại CCHN,Loại CCHN,Dashboard,Chỉ tiêu cơ sở,NHNCK,fact_certificate_snapshot,current_status_code,FILTER,IN (<nhóm ACTIVE>),Securities Practitioner License Certificate Document,Certificate Status Code
K_NHNCK_33,Dashboard Tra cứu hồ sơ 360,Trạng thái NHNCK,Trạng thái NHNCK,Dashboard,Chỉ tiêu cơ sở,NHNCK,dim_practitioner,practice_status_name,MEASURE,Display,Securities Practitioner,Practice Status Code
K_NHNCK_33,Dashboard Tra cứu hồ sơ 360,Trạng thái NHNCK,Trạng thái NHNCK,Dashboard,Chỉ tiêu cơ sở,NHNCK,dim_practitioner,PRACTITIONER_DIM_ID,FILTER,= @selected_practitioner,Securities Practitioner,Practitioner Id
K_NHNCK_34,Dashboard Mạng lưới của NHNCK,Đơn vị công tác,DN niêm yết/UPCOM mà NHN tham gia,Dashboard,Chỉ tiêu cơ sở,NHNCK,dim_organization,organization_name,MEASURE,Display,Securities Organization Reference,Organization Name
K_NHNCK_34,Dashboard Mạng lưới của NHNCK,Đơn vị công tác,DN niêm yết/UPCOM mà NHN tham gia,Dashboard,Chỉ tiêu cơ sở,NHNCK,fact_employment_history,ORGANIZATION_DIM_ID,JOIN_KEY,JOIN dim_organization.ORGANIZATION_DIM_ID,Securities Organization Reference,Securities Organization Reference Id
K_NHNCK_34,Dashboard Mạng lưới của NHNCK,Đơn vị công tác,DN niêm yết/UPCOM mà NHN tham gia,Dashboard,Chỉ tiêu cơ sở,NHNCK,fact_employment_history,PRACTITIONER_DIM_ID,JOIN_KEY,JOIN dim_practitioner.PRACTITIONER_DIM_ID,Securities Practitioner,Practitioner Id
K_NHNCK_35,Dashboard Mạng lưới của NHNCK,Chức vụ vai trò,Chức vụ trong bộ máy quản trị DN,Dashboard,Chỉ tiêu cơ sở,NHNCK,fact_employment_history,position_name,MEASURE,Display,Securities Practitioner Employment Status,Position Name
K_NHNCK_35,Dashboard Mạng lưới của NHNCK,Chức vụ vai trò,Chức vụ trong bộ máy quản trị DN,Dashboard,Chỉ tiêu cơ sở,NHNCK,fact_employment_history,PRACTITIONER_DIM_ID,JOIN_KEY,JOIN dim_practitioner.PRACTITIONER_DIM_ID,Securities Practitioner,Practitioner Id
K_NHNCK_36,Dashboard Mạng lưới của NHNCK,Họ tên người có liên quan,Họ tên người có liên quan,Dashboard,Chỉ tiêu cơ sở,NHNCK,fact_related_party,related_individual_full_name,MEASURE,Display,Securities Practitioner Related Party,Related Individual Full Name
K_NHNCK_36,Dashboard Mạng lưới của NHNCK,Họ tên người có liên quan,Họ tên người có liên quan,Dashboard,Chỉ tiêu cơ sở,NHNCK,fact_related_party,PRACTITIONER_DIM_ID,FILTER,= @selected_practitioner,Securities Practitioner,Practitioner Id
K_NHNCK_37,Dashboard Mạng lưới của NHNCK,Mối quan hệ,Mối quan hệ của người liên quan với NHN,Dashboard,Chỉ tiêu cơ sở,NHNCK,fact_related_party,relationship_type_code,MEASURE,Display,Securities Practitioner Related Party,Relationship Type Code
K_NHNCK_37,Dashboard Mạng lưới của NHNCK,Mối quan hệ,Mối quan hệ của người liên quan với NHN,Dashboard,Chỉ tiêu cơ sở,NHNCK,fact_related_party,PRACTITIONER_DIM_ID,FILTER,= @selected_practitioner,Securities Practitioner,Practitioner Id
K_NHNCK_38,Dashboard Mạng lưới của NHNCK,Đơn vị công tác người liên quan,DN của người có liên quan,Dashboard,Chỉ tiêu cơ sở,NHNCK,fact_related_party,related_individual_workplace,MEASURE,Display,Securities Practitioner Related Party,Related Individual Workplace
K_NHNCK_38,Dashboard Mạng lưới của NHNCK,Đơn vị công tác người liên quan,DN của người có liên quan,Dashboard,Chỉ tiêu cơ sở,NHNCK,fact_related_party,PRACTITIONER_DIM_ID,FILTER,= @selected_practitioner,Securities Practitioner,Practitioner Id
K_NHNCK_39,Dashboard Mạng lưới của NHNCK,Chức vụ người liên quan,Chức vụ vai trò người liên quan,Dashboard,Chỉ tiêu cơ sở,NHNCK,fact_related_party,related_individual_occupation,MEASURE,Display,Securities Practitioner Related Party,Related Individual Occupation
K_NHNCK_39,Dashboard Mạng lưới của NHNCK,Chức vụ người liên quan,Chức vụ vai trò người liên quan,Dashboard,Chỉ tiêu cơ sở,NHNCK,fact_related_party,PRACTITIONER_DIM_ID,FILTER,= @selected_practitioner,Securities Practitioner,Practitioner Id
K_NHNCK_40,Dashboard Hồ sơ & Danh mục của NHNCK,Tên DN niêm yết/UPCOM,Tên DN mà NHN tham gia,Dashboard,Chỉ tiêu cơ sở,NHNCK,dim_organization,organization_name,MEASURE,Display,Securities Organization Reference,Organization Name
K_NHNCK_40,Dashboard Hồ sơ & Danh mục của NHNCK,Tên DN niêm yết/UPCOM,Tên DN mà NHN tham gia,Dashboard,Chỉ tiêu cơ sở,NHNCK,fact_employment_history,ORGANIZATION_DIM_ID,JOIN_KEY,JOIN dim_organization.ORGANIZATION_DIM_ID,Securities Organization Reference,Securities Organization Reference Id
K_NHNCK_40,Dashboard Hồ sơ & Danh mục của NHNCK,Tên DN niêm yết/UPCOM,Tên DN mà NHN tham gia,Dashboard,Chỉ tiêu cơ sở,NHNCK,fact_employment_history,PRACTITIONER_DIM_ID,JOIN_KEY,JOIN dim_practitioner.PRACTITIONER_DIM_ID,Securities Practitioner,Practitioner Id
K_NHNCK_41,Dashboard Hồ sơ & Danh mục của NHNCK,Vai trò,Chức vụ tại DN,Dashboard,Chỉ tiêu cơ sở,NHNCK,fact_employment_history,position_name,MEASURE,Display,Securities Practitioner Employment Status,Position Name
K_NHNCK_41,Dashboard Hồ sơ & Danh mục của NHNCK,Vai trò,Chức vụ tại DN,Dashboard,Chỉ tiêu cơ sở,NHNCK,fact_employment_history,PRACTITIONER_DIM_ID,JOIN_KEY,JOIN dim_practitioner.PRACTITIONER_DIM_ID,Securities Practitioner,Practitioner Id
K_NHNCK_42,Dashboard Hồ sơ & Danh mục của NHNCK,Trạng thái,Trạng thái hiện tại,Dashboard,Chỉ tiêu cơ sở,NHNCK,fact_employment_history,is_current_flag,MEASURE,Derived: employment_end_date IS NULL,Derived,Derived
K_NHNCK_42,Dashboard Hồ sơ & Danh mục của NHNCK,Trạng thái,Trạng thái hiện tại,Dashboard,Chỉ tiêu cơ sở,NHNCK,fact_employment_history,PRACTITIONER_DIM_ID,JOIN_KEY,JOIN dim_practitioner.PRACTITIONER_DIM_ID,Securities Practitioner,Practitioner Id
K_NHNCK_43,Dashboard Hồ sơ & Danh mục của NHNCK,Số lượng cổ phiếu sở hữu,Số cổ phiếu tại DN,Dashboard,Chỉ tiêu cơ sở,NHNCK,fact_practitioner_account,stock_holding_quantity,MEASURE,Display — PENDING Silver,TBD,TBD
K_NHNCK_43,Dashboard Hồ sơ & Danh mục của NHNCK,Số lượng cổ phiếu sở hữu,Số cổ phiếu tại DN,Dashboard,Chỉ tiêu cơ sở,NHNCK,fact_practitioner_account,PRACTITIONER_DIM_ID,FILTER,= @selected_practitioner,TBD,TBD
K_NHNCK_44,Dashboard Hồ sơ & Danh mục của NHNCK,Họ và tên,Họ và tên người liên quan,Dashboard,Chỉ tiêu cơ sở,NHNCK,fact_related_party,related_individual_full_name,MEASURE,Display,Securities Practitioner Related Party,Related Individual Full Name
K_NHNCK_44,Dashboard Hồ sơ & Danh mục của NHNCK,Họ và tên,Họ và tên người liên quan,Dashboard,Chỉ tiêu cơ sở,NHNCK,fact_related_party,PRACTITIONER_DIM_ID,FILTER,= @selected_practitioner,Securities Practitioner,Practitioner Id
K_NHNCK_45,Dashboard Hồ sơ & Danh mục của NHNCK,Mối quan hệ,Mối quan hệ với NHNCK,Dashboard,Chỉ tiêu cơ sở,NHNCK,fact_related_party,relationship_type_code,MEASURE,Display,Securities Practitioner Related Party,Relationship Type Code
K_NHNCK_45,Dashboard Hồ sơ & Danh mục của NHNCK,Mối quan hệ,Mối quan hệ với NHNCK,Dashboard,Chỉ tiêu cơ sở,NHNCK,fact_related_party,PRACTITIONER_DIM_ID,FILTER,= @selected_practitioner,Securities Practitioner,Practitioner Id
K_NHNCK_46,Dashboard Hồ sơ & Danh mục của NHNCK,Nghề nghiệp,Nghề nghiệp người liên quan,Dashboard,Chỉ tiêu cơ sở,NHNCK,fact_related_party,related_individual_occupation,MEASURE,Display,Securities Practitioner Related Party,Related Individual Occupation
K_NHNCK_46,Dashboard Hồ sơ & Danh mục của NHNCK,Nghề nghiệp,Nghề nghiệp người liên quan,Dashboard,Chỉ tiêu cơ sở,NHNCK,fact_related_party,PRACTITIONER_DIM_ID,FILTER,= @selected_practitioner,Securities Practitioner,Practitioner Id
K_NHNCK_47,Dashboard Hồ sơ & Danh mục của NHNCK,CCCD/CMND/HC,CCCD/CMND/HC người liên quan,Dashboard,Chỉ tiêu cơ sở,NHNCK,fact_related_party,related_individual_identification_number,MEASURE,Display,Securities Practitioner Related Party,Related Individual Identification Number
K_NHNCK_47,Dashboard Hồ sơ & Danh mục của NHNCK,CCCD/CMND/HC,CCCD/CMND/HC người liên quan,Dashboard,Chỉ tiêu cơ sở,NHNCK,fact_related_party,PRACTITIONER_DIM_ID,FILTER,= @selected_practitioner,Securities Practitioner,Practitioner Id
K_NHNCK_48,Dashboard Hồ sơ & Danh mục của NHNCK,Mã CTCK,Tên viết tắt CTCK,Dashboard,Chỉ tiêu cơ sở,NHNCK,fact_practitioner_account,broker_code,MEASURE,Display — PENDING Silver,TBD,TBD
K_NHNCK_48,Dashboard Hồ sơ & Danh mục của NHNCK,Mã CTCK,Tên viết tắt CTCK,Dashboard,Chỉ tiêu cơ sở,NHNCK,fact_practitioner_account,PRACTITIONER_DIM_ID,FILTER,= @selected_practitioner,TBD,TBD
K_NHNCK_48,Dashboard Hồ sơ & Danh mục của NHNCK,Mã CTCK,Tên viết tắt CTCK,Dashboard,Chỉ tiêu cơ sở,NHNCK,fact_practitioner_account,ORGANIZATION_DIM_ID,JOIN_KEY,JOIN dim_organization,TBD,TBD
K_NHNCK_49,Dashboard Hồ sơ & Danh mục của NHNCK,Số tài khoản,Số tài khoản NHN,Dashboard,Chỉ tiêu cơ sở,NHNCK,fact_practitioner_account,account_number,MEASURE,Display — PENDING Silver,TBD,TBD
K_NHNCK_49,Dashboard Hồ sơ & Danh mục của NHNCK,Số tài khoản,Số tài khoản NHN,Dashboard,Chỉ tiêu cơ sở,NHNCK,fact_practitioner_account,PRACTITIONER_DIM_ID,FILTER,= @selected_practitioner,TBD,TBD
K_NHNCK_49,Dashboard Hồ sơ & Danh mục của NHNCK,Số tài khoản,Số tài khoản NHN,Dashboard,Chỉ tiêu cơ sở,NHNCK,fact_practitioner_account,ORGANIZATION_DIM_ID,JOIN_KEY,JOIN dim_organization,TBD,TBD
K_NHNCK_50,Dashboard Hồ sơ & Danh mục của NHNCK,Tên chủ tài khoản,Tên chủ tài khoản,Dashboard,Chỉ tiêu cơ sở,NHNCK,fact_practitioner_account,account_holder_name,MEASURE,Display — PENDING Silver,TBD,TBD
K_NHNCK_50,Dashboard Hồ sơ & Danh mục của NHNCK,Tên chủ tài khoản,Tên chủ tài khoản,Dashboard,Chỉ tiêu cơ sở,NHNCK,fact_practitioner_account,PRACTITIONER_DIM_ID,FILTER,= @selected_practitioner,TBD,TBD
K_NHNCK_50,Dashboard Hồ sơ & Danh mục của NHNCK,Tên chủ tài khoản,Tên chủ tài khoản,Dashboard,Chỉ tiêu cơ sở,NHNCK,fact_practitioner_account,ORGANIZATION_DIM_ID,JOIN_KEY,JOIN dim_organization,TBD,TBD
K_NHNCK_51,Dashboard Hồ sơ & Danh mục của NHNCK,Mã CK nắm giữ chính,Top 2 mã CK giá trị lớn nhất,Dashboard,Chỉ tiêu cơ sở,NHNCK,fact_practitioner_account,top_stock_codes,MEASURE,Display — PENDING Silver,TBD,TBD
K_NHNCK_51,Dashboard Hồ sơ & Danh mục của NHNCK,Mã CK nắm giữ chính,Top 2 mã CK giá trị lớn nhất,Dashboard,Chỉ tiêu cơ sở,NHNCK,fact_practitioner_account,PRACTITIONER_DIM_ID,FILTER,= @selected_practitioner,TBD,TBD
K_NHNCK_51,Dashboard Hồ sơ & Danh mục của NHNCK,Mã CK nắm giữ chính,Top 2 mã CK giá trị lớn nhất,Dashboard,Chỉ tiêu cơ sở,NHNCK,fact_practitioner_account,ORGANIZATION_DIM_ID,JOIN_KEY,JOIN dim_organization,TBD,TBD
K_NHNCK_52,Dashboard Hồ sơ & Danh mục của NHNCK,Số dư tài khoản (tỷ VNĐ),Tổng giá trị tài sản,Dashboard,Chỉ tiêu cơ sở,NHNCK,fact_practitioner_account,account_balance_amount,MEASURE,Display — PENDING Silver,TBD,TBD
K_NHNCK_52,Dashboard Hồ sơ & Danh mục của NHNCK,Số dư tài khoản (tỷ VNĐ),Tổng giá trị tài sản,Dashboard,Chỉ tiêu cơ sở,NHNCK,fact_practitioner_account,PRACTITIONER_DIM_ID,FILTER,= @selected_practitioner,TBD,TBD
K_NHNCK_52,Dashboard Hồ sơ & Danh mục của NHNCK,Số dư tài khoản (tỷ VNĐ),Tổng giá trị tài sản,Dashboard,Chỉ tiêu cơ sở,NHNCK,fact_practitioner_account,ORGANIZATION_DIM_ID,JOIN_KEY,JOIN dim_organization,TBD,TBD
K_NHNCK_53,Dashboard Quá trình hành nghề của NHNCK,Tổ chức,Tổ chức đã/đang công tác,Dashboard,Chỉ tiêu cơ sở,NHNCK,dim_organization,organization_name,MEASURE,Display,Securities Organization Reference,Organization Name
K_NHNCK_53,Dashboard Quá trình hành nghề của NHNCK,Tổ chức,Tổ chức đã/đang công tác,Dashboard,Chỉ tiêu cơ sở,NHNCK,fact_employment_history,ORGANIZATION_DIM_ID,JOIN_KEY,JOIN dim_organization.ORGANIZATION_DIM_ID,Securities Organization Reference,Securities Organization Reference Id
K_NHNCK_53,Dashboard Quá trình hành nghề của NHNCK,Tổ chức,Tổ chức đã/đang công tác,Dashboard,Chỉ tiêu cơ sở,NHNCK,fact_employment_history,PRACTITIONER_DIM_ID,JOIN_KEY,JOIN dim_practitioner.PRACTITIONER_DIM_ID,Securities Practitioner,Practitioner Id
K_NHNCK_54,Dashboard Quá trình hành nghề của NHNCK,Vị trí,Vị trí công tác,Dashboard,Chỉ tiêu cơ sở,NHNCK,fact_employment_history,position_name,MEASURE,Display,Securities Practitioner Employment Status,Position Name
K_NHNCK_54,Dashboard Quá trình hành nghề của NHNCK,Vị trí,Vị trí công tác,Dashboard,Chỉ tiêu cơ sở,NHNCK,fact_employment_history,PRACTITIONER_DIM_ID,JOIN_KEY,JOIN dim_practitioner.PRACTITIONER_DIM_ID,Securities Practitioner,Practitioner Id
K_NHNCK_55,Dashboard Quá trình hành nghề của NHNCK,Từ tháng,Thời gian bắt đầu,Dashboard,Chỉ tiêu cơ sở,NHNCK,fact_employment_history,employment_start_date,MEASURE,Display,Securities Practitioner Employment Status,Employment Start Date
K_NHNCK_55,Dashboard Quá trình hành nghề của NHNCK,Từ tháng,Thời gian bắt đầu,Dashboard,Chỉ tiêu cơ sở,NHNCK,fact_employment_history,PRACTITIONER_DIM_ID,JOIN_KEY,JOIN dim_practitioner.PRACTITIONER_DIM_ID,Securities Practitioner,Practitioner Id
K_NHNCK_56,Dashboard Quá trình hành nghề của NHNCK,Đến tháng,Thời gian kết thúc,Dashboard,Chỉ tiêu cơ sở,NHNCK,fact_employment_history,employment_end_date,MEASURE,Display (NULL = Hiện nay),Securities Practitioner Employment Status,Employment End Date
K_NHNCK_56,Dashboard Quá trình hành nghề của NHNCK,Đến tháng,Thời gian kết thúc,Dashboard,Chỉ tiêu cơ sở,NHNCK,fact_employment_history,PRACTITIONER_DIM_ID,JOIN_KEY,JOIN dim_practitioner.PRACTITIONER_DIM_ID,Securities Practitioner,Practitioner Id
K_NHNCK_57,Dashboard Quá trình hành nghề của NHNCK,Trạng thái,Quá khứ / Hiện tại,Dashboard,Chỉ tiêu cơ sở,NHNCK,fact_employment_history,is_current_flag,MEASURE,Derived: employment_end_date IS NULL → Hiện tại; else Quá khứ,Derived,Derived
K_NHNCK_57,Dashboard Quá trình hành nghề của NHNCK,Trạng thái,Quá khứ / Hiện tại,Dashboard,Chỉ tiêu cơ sở,NHNCK,fact_employment_history,PRACTITIONER_DIM_ID,JOIN_KEY,JOIN dim_practitioner.PRACTITIONER_DIM_ID,Securities Practitioner,Practitioner Id
K_NHNCK_58,Dashboard Lịch sử cấp chứng chỉ của NHNCK,Số CCHN,Số chứng chỉ đã cấp,Dashboard,Chỉ tiêu cơ sở,NHNCK,fact_certificate_snapshot,certificate_number,MEASURE,Display,Securities Practitioner License Certificate Document,Certificate Number
K_NHNCK_58,Dashboard Lịch sử cấp chứng chỉ của NHNCK,Số CCHN,Số chứng chỉ đã cấp,Dashboard,Chỉ tiêu cơ sở,NHNCK,fact_certificate_snapshot,PRACTITIONER_DIM_ID,FILTER,= @selected_practitioner,Securities Practitioner,Practitioner Id
K_NHNCK_59,Dashboard Lịch sử cấp chứng chỉ của NHNCK,Loại hình,Loại hình hành nghề,Dashboard,Chỉ tiêu cơ sở,NHNCK,fact_certificate_snapshot,cert_type_name,MEASURE,Display,Securities Practitioner License Certificate Document,Certificate Type Code
K_NHNCK_59,Dashboard Lịch sử cấp chứng chỉ của NHNCK,Loại hình,Loại hình hành nghề,Dashboard,Chỉ tiêu cơ sở,NHNCK,fact_certificate_snapshot,PRACTITIONER_DIM_ID,FILTER,= @selected_practitioner,Securities Practitioner,Practitioner Id
K_NHNCK_60,Dashboard Lịch sử cấp chứng chỉ của NHNCK,Ngày cấp,Ngày cấp CCHN,Dashboard,Chỉ tiêu cơ sở,NHNCK,fact_certificate_snapshot,issue_date,MEASURE,Display,Securities Practitioner License Certificate Document,Certificate Issue Date
K_NHNCK_60,Dashboard Lịch sử cấp chứng chỉ của NHNCK,Ngày cấp,Ngày cấp CCHN,Dashboard,Chỉ tiêu cơ sở,NHNCK,fact_certificate_snapshot,PRACTITIONER_DIM_ID,FILTER,= @selected_practitioner,Securities Practitioner,Practitioner Id
K_NHNCK_61,Dashboard Lịch sử cấp chứng chỉ của NHNCK,Ngày thu hồi,Ngày thu hồi CCHN (nếu có),Dashboard,Chỉ tiêu cơ sở,NHNCK,fact_certificate_snapshot,revocation_date,MEASURE,Display,Securities Practitioner License Certificate Document Status History,Status Change Timestamp
K_NHNCK_61,Dashboard Lịch sử cấp chứng chỉ của NHNCK,Ngày thu hồi,Ngày thu hồi CCHN (nếu có),Dashboard,Chỉ tiêu cơ sở,NHNCK,fact_certificate_snapshot,PRACTITIONER_DIM_ID,FILTER,= @selected_practitioner,Securities Practitioner,Practitioner Id
K_NHNCK_62,Dashboard Lịch sử cấp chứng chỉ của NHNCK,Quyết định,Số quyết định cấp CCHN,Dashboard,Chỉ tiêu cơ sở,NHNCK,fact_certificate_snapshot,issuance_decision_number,MEASURE,Display,Securities Practitioner License Decision Document,Decision Number
K_NHNCK_62,Dashboard Lịch sử cấp chứng chỉ của NHNCK,Quyết định,Số quyết định cấp CCHN,Dashboard,Chỉ tiêu cơ sở,NHNCK,fact_certificate_snapshot,PRACTITIONER_DIM_ID,FILTER,= @selected_practitioner,Securities Practitioner,Practitioner Id
K_NHNCK_63,Dashboard Lịch sử cấp chứng chỉ của NHNCK,Trạng thái,Trạng thái CCHN,Dashboard,Chỉ tiêu cơ sở,NHNCK,fact_certificate_snapshot,current_status_name,MEASURE,Display,Securities Practitioner License Certificate Document,Certificate Status Code
K_NHNCK_63,Dashboard Lịch sử cấp chứng chỉ của NHNCK,Trạng thái,Trạng thái CCHN,Dashboard,Chỉ tiêu cơ sở,NHNCK,fact_certificate_snapshot,PRACTITIONER_DIM_ID,FILTER,= @selected_practitioner,Securities Practitioner,Practitioner Id
K_NHNCK_64,Dashboard Đợt thi sát hạch của NHNCK,Đợt thi,Đợt thi NHN tham gia,Dashboard,Chỉ tiêu cơ sở,NHNCK,fact_exam_result,session_name,MEASURE,Display,Securities Practitioner Qualification Examination Assessment,Session Name
K_NHNCK_64,Dashboard Đợt thi sát hạch của NHNCK,Đợt thi,Đợt thi NHN tham gia,Dashboard,Chỉ tiêu cơ sở,NHNCK,fact_exam_result,PRACTITIONER_DIM_ID,FILTER,= @selected_practitioner,Securities Practitioner,Practitioner Id
K_NHNCK_65,Dashboard Đợt thi sát hạch của NHNCK,Ngày thi,Ngày thi,Dashboard,Chỉ tiêu cơ sở,NHNCK,fact_exam_result,examination_date,MEASURE,Display,Securities Practitioner Qualification Examination Assessment,Examination Start Date
K_NHNCK_65,Dashboard Đợt thi sát hạch của NHNCK,Ngày thi,Ngày thi,Dashboard,Chỉ tiêu cơ sở,NHNCK,fact_exam_result,PRACTITIONER_DIM_ID,FILTER,= @selected_practitioner,Securities Practitioner,Practitioner Id
K_NHNCK_66,Dashboard Đợt thi sát hạch của NHNCK,Điểm thi,Điểm thi NHN,Dashboard,Chỉ tiêu cơ sở,NHNCK,fact_exam_result,law_score,MEASURE,Display,Securities Practitioner Qualification Examination Assessment Result,Law Score
K_NHNCK_66,Dashboard Đợt thi sát hạch của NHNCK,Điểm thi,Điểm thi NHN,Dashboard,Chỉ tiêu cơ sở,NHNCK,fact_exam_result,PRACTITIONER_DIM_ID,FILTER,= @selected_practitioner,Securities Practitioner,Practitioner Id
K_NHNCK_67,Dashboard Đợt thi sát hạch của NHNCK,Số QĐ công bố,Số quyết định công bố,Dashboard,Chỉ tiêu cơ sở,NHNCK,fact_exam_result,decision_number,MEASURE,Display,Securities Practitioner License Decision Document,Decision Number
K_NHNCK_67,Dashboard Đợt thi sát hạch của NHNCK,Số QĐ công bố,Số quyết định công bố,Dashboard,Chỉ tiêu cơ sở,NHNCK,fact_exam_result,PRACTITIONER_DIM_ID,FILTER,= @selected_practitioner,Securities Practitioner,Practitioner Id
K_NHNCK_68,Dashboard Đợt thi sát hạch của NHNCK,Trạng thái,Đạt/Không đạt,Dashboard,Chỉ tiêu cơ sở,NHNCK,fact_exam_result,examination_result_code,MEASURE,Display,Securities Practitioner Qualification Examination Assessment Result,Examination Result Code
K_NHNCK_68,Dashboard Đợt thi sát hạch của NHNCK,Trạng thái,Đạt/Không đạt,Dashboard,Chỉ tiêu cơ sở,NHNCK,fact_exam_result,PRACTITIONER_DIM_ID,FILTER,= @selected_practitioner,Securities Practitioner,Practitioner Id
K_NHNCK_66,Dashboard Đợt thi sát hạch của NHNCK,Điểm thi,Điểm thi NHN,Dashboard,Chỉ tiêu cơ sở,NHNCK,fact_exam_result,professional_score,MEASURE,Display (companion to law_score),Securities Practitioner Qualification Examination Assessment Result,Professional Score
K_NHNCK_69,Dashboard Cập nhật kiến thức của NHNCK,Kết quả kiểm tra phân loại,Kết quả bài kiểm tra cuối khóa,Dashboard,Chỉ tiêu phái sinh,NHNCK,fact_training_enrollment,assessment_result_code,MEASURE,Display,Securities Practitioner Professional Training Class Enrollment,Assessment Result Code
K_NHNCK_69,Dashboard Cập nhật kiến thức của NHNCK,Kết quả kiểm tra phân loại,Kết quả bài kiểm tra cuối khóa,Dashboard,Chỉ tiêu phái sinh,NHNCK,fact_training_enrollment,PRACTITIONER_DIM_ID,FILTER,= @selected_practitioner,Securities Practitioner,Practitioner Id
K_NHNCK_70,Dashboard Cập nhật kiến thức của NHNCK,Trạng thái đã đủ 8h,Đã đủ 8h / Chưa đủ 8h,Dashboard,Chỉ tiêu phái sinh,NHNCK,fact_training_enrollment,training_hours,MEASURE,SUM(training_hours) per year >= 8 → Đã đủ; else Chưa đủ,Derived,Derived — xem O14
K_NHNCK_70,Dashboard Cập nhật kiến thức của NHNCK,Trạng thái đã đủ 8h,Đã đủ 8h / Chưa đủ 8h,Dashboard,Chỉ tiêu phái sinh,NHNCK,fact_training_enrollment,PRACTITIONER_DIM_ID,FILTER,= @selected_practitioner,Securities Practitioner,Practitioner Id
K_NHNCK_70,Dashboard Cập nhật kiến thức của NHNCK,Trạng thái đã đủ 8h,Đã đủ 8h / Chưa đủ 8h,Dashboard,Chỉ tiêu phái sinh,NHNCK,fact_training_enrollment,academic_year,FILTER,= @year_slicer,Securities Practitioner Professional Training Class,Academic Year
K_NHNCK_71,Dashboard Lịch sử vi phạm của NHNCK,Số quyết định,Số QĐ xử phạt,Dashboard,Chỉ tiêu cơ sở,NHNCK,fact_violation,decision_number,MEASURE,Display,Securities Practitioner License Decision Document,Decision Number
K_NHNCK_71,Dashboard Lịch sử vi phạm của NHNCK,Số quyết định,Số QĐ xử phạt,Dashboard,Chỉ tiêu cơ sở,NHNCK,fact_violation,PRACTITIONER_DIM_ID,FILTER,= @selected_practitioner,Securities Practitioner,Practitioner Id
K_NHNCK_72,Dashboard Lịch sử vi phạm của NHNCK,Ngày quyết định,Ngày QĐ xử phạt,Dashboard,Chỉ tiêu cơ sở,NHNCK,fact_violation,decision_date,MEASURE,Display,Securities Practitioner License Decision Document,Signed Date
K_NHNCK_72,Dashboard Lịch sử vi phạm của NHNCK,Ngày quyết định,Ngày QĐ xử phạt,Dashboard,Chỉ tiêu cơ sở,NHNCK,fact_violation,PRACTITIONER_DIM_ID,FILTER,= @selected_practitioner,Securities Practitioner,Practitioner Id
K_NHNCK_73,Dashboard Lịch sử vi phạm của NHNCK,Nội dung vi phạm,Nội dung vi phạm,Dashboard,Chỉ tiêu cơ sở,NHNCK,fact_violation,violation_detail,MEASURE,Display,Securities Practitioner Conduct Violation,Violation Detail
K_NHNCK_73,Dashboard Lịch sử vi phạm của NHNCK,Nội dung vi phạm,Nội dung vi phạm,Dashboard,Chỉ tiêu cơ sở,NHNCK,fact_violation,PRACTITIONER_DIM_ID,FILTER,= @selected_practitioner,Securities Practitioner,Practitioner Id
K_NHNCK_74,Dashboard Lịch sử vi phạm của NHNCK,Hình thức xử phạt,Hình thức xử phạt,Dashboard,Chỉ tiêu cơ sở,NHNCK,fact_violation,penalty_type_name,MEASURE,Display,TBD — xem O12,TBD
K_NHNCK_74,Dashboard Lịch sử vi phạm của NHNCK,Hình thức xử phạt,Hình thức xử phạt,Dashboard,Chỉ tiêu cơ sở,NHNCK,fact_violation,PRACTITIONER_DIM_ID,FILTER,= @selected_practitioner,Securities Practitioner,Practitioner Id
K_NHNCK_75,Dashboard Lịch sử vi phạm của NHNCK,Trạng thái,Trạng thái thực thi QĐ,Dashboard,Chỉ tiêu cơ sở,NHNCK,fact_violation,execution_status_code,MEASURE,Display,TBD — xem O13,TBD
K_NHNCK_75,Dashboard Lịch sử vi phạm của NHNCK,Trạng thái,Trạng thái thực thi QĐ,Dashboard,Chỉ tiêu cơ sở,NHNCK,fact_violation,PRACTITIONER_DIM_ID,FILTER,= @selected_practitioner,Securities Practitioner,Practitioner Id
K_NHNCK_76,Yêu cầu khai thác dữ liệu (Data Explorer),Tên NHN,Tên NHNCK,DataExplorer,Chỉ tiêu cơ sở,NHNCK,dim_practitioner,full_name,MEASURE,Display,Securities Practitioner,Full Name
K_NHNCK_76,Yêu cầu khai thác dữ liệu (Data Explorer),Tên NHN,Tên NHNCK,DataExplorer,Chỉ tiêu cơ sở,NHNCK,dim_practitioner,PRACTITIONER_DIM_ID,JOIN_KEY,JOIN fact_certificate_snapshot.PRACTITIONER_DIM_ID,Securities Practitioner,Practitioner Id
K_NHNCK_77,Yêu cầu khai thác dữ liệu (Data Explorer),Số CCHN,Số CCHN của NHNCK,DataExplorer,Chỉ tiêu cơ sở,NHNCK,fact_certificate_snapshot,certificate_number,MEASURE,Display,Securities Practitioner License Certificate Document,Certificate Number
K_NHNCK_78,Yêu cầu khai thác dữ liệu (Data Explorer),Loại hình,Loại hình nghiệp vụ,DataExplorer,Chỉ tiêu cơ sở,NHNCK,fact_certificate_snapshot,cert_type_name,MEASURE,Display,Securities Practitioner License Certificate Document,Certificate Type Code
K_NHNCK_79,Yêu cầu khai thác dữ liệu (Data Explorer),Tổ chức,Tổ chức đang làm việc,DataExplorer,Chỉ tiêu cơ sở,NHNCK,dim_organization,organization_name,MEASURE,Display,Securities Organization Reference,Organization Name
K_NHNCK_79,Yêu cầu khai thác dữ liệu (Data Explorer),Tổ chức,Tổ chức đang làm việc,DataExplorer,Chỉ tiêu cơ sở,NHNCK,fact_employment_history,is_current_flag,FILTER,= TRUE,Derived,Derived
K_NHNCK_79,Yêu cầu khai thác dữ liệu (Data Explorer),Tổ chức,Tổ chức đang làm việc,DataExplorer,Chỉ tiêu cơ sở,NHNCK,fact_employment_history,ORGANIZATION_DIM_ID,JOIN_KEY,JOIN dim_organization.ORGANIZATION_DIM_ID,Securities Organization Reference,Securities Organization Reference Id
K_NHNCK_79,Yêu cầu khai thác dữ liệu (Data Explorer),Tổ chức,Tổ chức đang làm việc,DataExplorer,Chỉ tiêu cơ sở,NHNCK,fact_employment_history,PRACTITIONER_DIM_ID,JOIN_KEY,JOIN dim_practitioner.PRACTITIONER_DIM_ID,Securities Practitioner,Practitioner Id
K_NHNCK_80,Yêu cầu khai thác dữ liệu (Data Explorer),Ngày cấp,Ngày cấp CCHN,DataExplorer,Chỉ tiêu cơ sở,NHNCK,fact_certificate_snapshot,issue_date,MEASURE,Display,Securities Practitioner License Certificate Document,Certificate Issue Date
K_NHNCK_81,Yêu cầu khai thác dữ liệu (Data Explorer),Trạng thái,Trạng thái NHNCK,DataExplorer,Chỉ tiêu cơ sở,NHNCK,fact_certificate_snapshot,current_status_name,MEASURE,Display,Securities Practitioner License Certificate Document,Certificate Status Code
K_NHNCK_82,Yêu cầu khai thác dữ liệu (Data Explorer),Điều kiện lọc: Loại hình,Chiều,DataExplorer,Chiều,NHNCK,fact_certificate_snapshot,cert_type_code,SLICER,Filter by cert_type_code,Securities Practitioner License Certificate Document,Certificate Type Code
K_NHNCK_83,Yêu cầu khai thác dữ liệu (Data Explorer),Điều kiện lọc: Trạng thái,Chiều,DataExplorer,Chiều,NHNCK,fact_certificate_snapshot,current_status_code,SLICER,Filter by current_status_code,Securities Practitioner License Certificate Document,Certificate Status Code
