brd_id,source,table_name,functional_group,scope_status,scope_reason,data_volume_hint,refresh_frequency,dm_status,mapping_status,etl_status,test_status,deployed,dm_files,mapping_files
BRD-SRC-DCST-CAU_HINH_GOI_TIN,DCST,CAU_HINH_GOI_TIN,DCST-SYS Quản trị hệ thống & truyền nhận,out_of_scope,System operational table — cấu hình kỹ thuật truyền nhận,,,none,none,none,none,no,0,0
BRD-SRC-DCST-CHUCNANG,DCST,CHUCNANG,DCST-SYS Quản trị hệ thống & truyền nhận,out_of_scope,UI metadata — danh sách menu/chức năng giao diện ứng dụng,,,none,none,none,none,no,0,0
BRD-SRC-DCST-CONG_TY_KIEM_TOAN,DCST,CONG_TY_KIEM_TOAN,DCST-OUT Dữ liệu UBCKNN gửi đi,out_of_scope,Thu thập tại source gốc — chờ thiết kế,,,none,none,none,none,no,0,0
BRD-SRC-DCST-DANH_MUC,DCST,DANH_MUC,DCST-REF Danh mục dùng chung,in_scope,,,,none,none,none,none,no,0,0
BRD-SRC-DCST-DB_LOG,DCST,DB_LOG,DCST-SYS Quản trị hệ thống & truyền nhận,out_of_scope,Audit log nguồn — log truy vấn database cấp ứng dụng,,,none,none,none,none,no,0,0
BRD-SRC-DCST-DM_CHUCVU,DCST,DM_CHUCVU,DCST-SYS Quản trị hệ thống & truyền nhận,out_of_scope,Operational/system data — danh mục chức vụ nội bộ ứng dụng DCST,,,none,none,none,none,no,0,0
BRD-SRC-DCST-DM_DON_VI,DCST,DM_DON_VI,DCST-SYS Quản trị hệ thống & truyền nhận,out_of_scope,Operational/system data — danh mục đơn vị nội bộ ứng dụng DCST,,,none,none,none,none,no,0,0
BRD-SRC-DCST-DN_RUI_RO_CAO,DCST,DN_RUI_RO_CAO,DCST-05 Giám sát doanh nghiệp rủi ro cao,in_scope,,,,approved,none,none,none,no,1,0
BRD-SRC-DCST-GOI_TIN,DCST,GOI_TIN,DCST-SYS Quản trị hệ thống & truyền nhận,out_of_scope,"System operational table — quản lý lifecycle gói tin truyền nhận, không chứa dữ liệu nghiệp vụ",,,none,none,none,none,no,0,0
BRD-SRC-DCST-HOA_DON_CHI_TIET,DCST,HOA_DON_CHI_TIET,DCST-03 Cưỡng chế nợ thuế,in_scope,,,,approved,none,none,none,no,1,0
BRD-SRC-DCST-HT_THAM_SO,DCST,HT_THAM_SO,DCST-SYS Quản trị hệ thống & truyền nhận,out_of_scope,Operational/system data — tham số cấu hình ứng dụng,,,none,none,none,none,no,0,0
BRD-SRC-DCST-KIEM_TOAN_VIEN,DCST,KIEM_TOAN_VIEN,DCST-OUT Dữ liệu UBCKNN gửi đi,out_of_scope,Thu thập tại source gốc — chờ thiết kế,,,none,none,none,none,no,0,0
BRD-SRC-DCST-NGUOIDUNG,DCST,NGUOIDUNG,DCST-SYS Quản trị hệ thống & truyền nhận,out_of_scope,Operational/system data — quản lý người dùng ứng dụng,,,none,none,none,none,no,0,0
BRD-SRC-DCST-NGUOIDUNG_NHOMNGUOIDUNG,DCST,NGUOIDUNG_NHOMNGUOIDUNG,DCST-SYS Quản trị hệ thống & truyền nhận,out_of_scope,Operational/system data — phân quyền ứng dụng,,,none,none,none,none,no,0,0
BRD-SRC-DCST-NHAT_KY_HE_THONG,DCST,NHAT_KY_HE_THONG,DCST-SYS Quản trị hệ thống & truyền nhận,out_of_scope,Audit log nguồn — nhật ký vận hành ứng dụng DCST,,,none,none,none,none,no,0,0
BRD-SRC-DCST-NHOMNGUOIDUNG,DCST,NHOMNGUOIDUNG,DCST-SYS Quản trị hệ thống & truyền nhận,out_of_scope,Operational/system data — quản lý nhóm quyền ứng dụng,,,none,none,none,none,no,0,0
BRD-SRC-DCST-NHOMNGUOIDUNG_CHUCNANG,DCST,NHOMNGUOIDUNG_CHUCNANG,DCST-SYS Quản trị hệ thống & truyền nhận,out_of_scope,Operational/system data — phân quyền chức năng ứng dụng,,,none,none,none,none,no,0,0
BRD-SRC-DCST-NHOM_DANH_MUC,DCST,NHOM_DANH_MUC,DCST-REF Danh mục dùng chung,in_scope,,,,none,none,none,none,no,0,0
BRD-SRC-DCST-TCT_BAO_CAO,DCST,TCT_BAO_CAO,DCST-02 Báo cáo tài chính từ Tổng cục Thuế,in_scope,,,,approved,none,none,none,no,1,0
BRD-SRC-DCST-TCT_BAO_CAO_CHI_TIET,DCST,TCT_BAO_CAO_CHI_TIET,DCST-02 Báo cáo tài chính từ Tổng cục Thuế,in_scope,,,,approved,none,none,none,no,1,0
BRD-SRC-DCST-TCT_TTCCN_HOA_DON,DCST,TCT_TTCCN_HOA_DON,DCST-03 Cưỡng chế nợ thuế,in_scope,,,,approved,none,none,none,no,1,0
BRD-SRC-DCST-TCT_TT_CUONG_CHE_NO,DCST,TCT_TT_CUONG_CHE_NO,DCST-03 Cưỡng chế nợ thuế,in_scope,,,,approved,none,none,none,no,1,0
BRD-SRC-DCST-THIET_LAP_LICH,DCST,THIET_LAP_LICH,DCST-SYS Quản trị hệ thống & truyền nhận,out_of_scope,System operational table — lịch tự động hóa truyền nhận,,,none,none,none,none,no,0,0
BRD-SRC-DCST-THONG_TIN_CONG_TY,DCST,THONG_TIN_CONG_TY,DCST-OUT Dữ liệu UBCKNN gửi đi,out_of_scope,Dữ liệu phát sinh từ nguồn gốc khác (SCMS/FMS/IDS) — thu thập tại source gốc,,,none,none,none,none,no,0,0
BRD-SRC-DCST-THONG_TIN_DK_THUE,DCST,THONG_TIN_DK_THUE,DCST-01 Quản lý thông tin đăng ký thuế,in_scope,,,,approved,none,none,none,no,4,0
BRD-SRC-DCST-TTKDT_NGUOI_DAI_DIEN,DCST,TTKDT_NGUOI_DAI_DIEN,DCST-01 Quản lý thông tin đăng ký thuế,in_scope,,,,approved,none,none,none,no,3,0
BRD-SRC-DCST-TT_XLY_VI_PHAM,DCST,TT_XLY_VI_PHAM,DCST-04 Xử lý vi phạm pháp luật về thuế,in_scope,,,,approved,none,none,none,no,1,0
BRD-SRC-DCST-UBCK_BAO_CAO,DCST,UBCK_BAO_CAO,DCST-OUT Dữ liệu UBCKNN gửi đi,out_of_scope,Dữ liệu phát sinh từ nguồn gốc khác (FMS/IDS) — thu thập tại source gốc,,,none,none,none,none,no,0,0
BRD-SRC-DCST-UBCK_BAO_CAO_CHI_TIET,DCST,UBCK_BAO_CAO_CHI_TIET,DCST-OUT Dữ liệu UBCKNN gửi đi,out_of_scope,Dữ liệu phát sinh từ nguồn gốc khác (FMS/IDS) — thu thập tại source gốc,,,none,none,none,none,no,0,0
BRD-SRC-DCST-UBCK_XU_PHAT,DCST,UBCK_XU_PHAT,DCST-OUT Dữ liệu UBCKNN gửi đi,out_of_scope,Dữ liệu phát sinh từ nguồn gốc khác (Hệ thống Thanh tra) — thu thập tại source gốc,,,none,none,none,none,no,0,0
BRD-SRC-ECAT-ECAT_01_Country,ECAT,ECAT_01_Country,UID-01 Danh mục địa lý hành chính,in_scope,,,,approved,none,none,none,no,1,0
BRD-SRC-ECAT-ECAT_02_Region,ECAT,ECAT_02_Region,UID-01 Danh mục địa lý hành chính,in_scope,,,,approved,none,none,none,no,1,0
BRD-SRC-ECAT-ECAT_03_ProvinceOld,ECAT,ECAT_03_ProvinceOld,UID-01 Danh mục địa lý hành chính,in_scope,,,,approved,none,none,none,no,1,0
BRD-SRC-ECAT-ECAT_04_Province,ECAT,ECAT_04_Province,UID-01 Danh mục địa lý hành chính,in_scope,,,,approved,none,none,none,no,1,0
BRD-SRC-ECAT-ECAT_05_DistrictOld,ECAT,ECAT_05_DistrictOld,UID-01 Danh mục địa lý hành chính,in_scope,,,,approved,none,none,none,no,1,0
BRD-SRC-ECAT-ECAT_06_WardOld,ECAT,ECAT_06_WardOld,UID-01 Danh mục địa lý hành chính,in_scope,,,,approved,none,none,none,no,1,0
BRD-SRC-ECAT-ECAT_07_Ward,ECAT,ECAT_07_Ward,UID-01 Danh mục địa lý hành chính,in_scope,,,,approved,none,none,none,no,1,0
BRD-SRC-ECAT-ECAT_08_Department,ECAT,ECAT_08_Department,UID-02 Danh mục tổ chức & nhân sự,in_scope,,,,none,none,none,none,no,0,0
BRD-SRC-ECAT-ECAT_09_PositionType,ECAT,ECAT_09_PositionType,UID-02 Danh mục tổ chức & nhân sự,in_scope,,,,none,none,none,none,no,0,0
BRD-SRC-ECAT-ECAT_10_Position,ECAT,ECAT_10_Position,UID-02 Danh mục tổ chức & nhân sự,in_scope,,,,none,none,none,none,no,0,0
BRD-SRC-ECAT-ECAT_11_Currency,ECAT,ECAT_11_Currency,UID-03 Danh mục tiền tệ,in_scope,,,,approved,none,none,none,no,1,0
BRD-SRC-ECAT-ECAT_12_SecurityType,ECAT,ECAT_12_SecurityType,UID-04 Danh mục chứng khoán & thị trường,in_scope,,,,none,none,none,none,no,0,0
BRD-SRC-ECAT-ECAT_13_Market,ECAT,ECAT_13_Market,UID-04 Danh mục chứng khoán & thị trường,in_scope,,,,none,none,none,none,no,0,0
BRD-SRC-ECAT-ECAT_14_Security,ECAT,ECAT_14_Security,UID-04 Danh mục chứng khoán & thị trường,in_scope,,,,approved,none,none,none,no,1,0
BRD-SRC-ECAT-ECAT_15_SharePar,ECAT,ECAT_15_SharePar,UID-04 Danh mục chứng khoán & thị trường,in_scope,,,,none,none,none,none,no,0,0
BRD-SRC-ECAT-ECAT_16_Indicator,ECAT,ECAT_16_Indicator,UID-13 Danh mục chỉ tiêu nghiệp vụ,in_scope,,,,none,none,none,none,no,0,0
BRD-SRC-ECAT-ECAT_17_FinancialReportType,ECAT,ECAT_17_FinancialReportType,UID-05 Danh mục nghiệp vụ & dịch vụ,in_scope,,,,none,none,none,none,no,0,0
BRD-SRC-ECAT-ECAT_18_BusinessOperation,ECAT,ECAT_18_BusinessOperation,UID-05 Danh mục nghiệp vụ & dịch vụ,in_scope,,,,none,none,none,none,no,0,0
BRD-SRC-ECAT-ECAT_19_CorporatePositionType,ECAT,ECAT_19_CorporatePositionType,UID-05 Danh mục nghiệp vụ & dịch vụ,in_scope,,,,none,none,none,none,no,0,0
BRD-SRC-ECAT-ECAT_20_CorporatePosition,ECAT,ECAT_20_CorporatePosition,UID-05 Danh mục nghiệp vụ & dịch vụ,in_scope,,,,none,none,none,none,no,0,0
BRD-SRC-ECAT-ECAT_21_CompanyType,ECAT,ECAT_21_CompanyType,UID-05 Danh mục nghiệp vụ & dịch vụ,in_scope,,,,none,none,none,none,no,0,0
BRD-SRC-ECAT-ECAT_22_Service,ECAT,ECAT_22_Service,UID-05 Danh mục nghiệp vụ & dịch vụ,in_scope,,,,none,none,none,none,no,0,0
BRD-SRC-ECAT-ECAT_23_Case,ECAT,ECAT_23_Case,UID-06 Danh mục đối tượng tham gia thị trường,in_scope,,,,none,none,none,none,no,0,0
BRD-SRC-ECAT-ECAT_24_InvestorType,ECAT,ECAT_24_InvestorType,UID-06 Danh mục đối tượng tham gia thị trường,in_scope,,,,none,none,none,none,no,0,0
BRD-SRC-ECAT-ECAT_25_AgentType,ECAT,ECAT_25_AgentType,UID-06 Danh mục đối tượng tham gia thị trường,in_scope,,,,none,none,none,none,no,0,0
BRD-SRC-ECAT-ECAT_26_Relationship,ECAT,ECAT_26_Relationship,UID-06 Danh mục đối tượng tham gia thị trường,in_scope,,,,none,none,none,none,no,0,0
BRD-SRC-ECAT-ECAT_27_EducationLevel,ECAT,ECAT_27_EducationLevel,UID-07 Danh mục hành nghề & trình độ,in_scope,,,,none,none,none,none,no,0,0
BRD-SRC-ECAT-ECAT_28_ProfessionalCertType,ECAT,ECAT_28_ProfessionalCertType,UID-07 Danh mục hành nghề & trình độ,in_scope,,,,none,none,none,none,no,0,0
BRD-SRC-ECAT-ECAT_29_HolidayInfo,ECAT,ECAT_29_HolidayInfo,UID-08 Danh mục lịch & ngày nghỉ,in_scope,,,,approved,none,none,none,no,1,0
BRD-SRC-ECAT-ECAT_30_AdminProcedure,ECAT,ECAT_30_AdminProcedure,UID-09 Danh mục thủ tục hành chính,in_scope,,,,none,none,none,none,no,0,0
BRD-SRC-ECAT-ECAT_31_AdminProcedureComponent,ECAT,ECAT_31_AdminProcedureComponent,UID-09 Danh mục thủ tục hành chính,in_scope,,,,none,none,none,none,no,0,0
BRD-SRC-ECAT-ECAT_32_IndustryLv1,ECAT,ECAT_32_IndustryLv1,UID-10 Danh mục ngành nghề,in_scope,,,,none,none,none,none,no,0,0
BRD-SRC-ECAT-ECAT_33_IndustryLv2,ECAT,ECAT_33_IndustryLv2,UID-10 Danh mục ngành nghề,in_scope,,,,none,none,none,none,no,0,0
BRD-SRC-ECAT-ECAT_34_ApprovalStatus,ECAT,ECAT_34_ApprovalStatus,UID-11 Danh mục trạng thái & quy trình xử lý,in_scope,,,,none,none,none,none,no,0,0
BRD-SRC-ECAT-ECAT_35_FrequencyType,ECAT,ECAT_35_FrequencyType,UID-05 Danh mục nghiệp vụ & dịch vụ,in_scope,,,,none,none,none,none,no,0,0
BRD-SRC-ECAT-ECAT_36_Frequency,ECAT,ECAT_36_Frequency,UID-05 Danh mục nghiệp vụ & dịch vụ,in_scope,,,,none,none,none,none,no,0,0
BRD-SRC-ECAT-ECAT_37_AlertType,ECAT,ECAT_37_AlertType,UID-12 Danh mục cảnh báo,in_scope,,,,none,none,none,none,no,0,0
BRD-SRC-ECAT-ECAT_38_AlertSeverity,ECAT,ECAT_38_AlertSeverity,UID-12 Danh mục cảnh báo,in_scope,,,,none,none,none,none,no,0,0
BRD-SRC-ECAT-ECAT_39_ReportProcessingStatusType,ECAT,ECAT_39_ReportProcessingStatusType,UID-11 Danh mục trạng thái & quy trình xử lý,in_scope,,,,none,none,none,none,no,0,0
BRD-SRC-ECAT-ECAT_40_AlertProcessingStatus,ECAT,ECAT_40_AlertProcessingStatus,UID-12 Danh mục cảnh báo,in_scope,,,,none,none,none,none,no,0,0
BRD-SRC-ECAT-ECAT_41_NotificationStatusType,ECAT,ECAT_41_NotificationStatusType,UID-11 Danh mục trạng thái & quy trình xử lý,in_scope,,,,none,none,none,none,no,0,0
BRD-SRC-ECAT-ECAT_42_NotificationStatus,ECAT,ECAT_42_NotificationStatus,UID-11 Danh mục trạng thái & quy trình xử lý,in_scope,,,,none,none,none,none,no,0,0
BRD-SRC-ECAT-ECAT_43_EnterpriseType,ECAT,ECAT_43_EnterpriseType,UID-05 Danh mục nghiệp vụ & dịch vụ,in_scope,,,,none,none,none,none,no,0,0
BRD-SRC-ECAT-ECAT_44_FundType,ECAT,ECAT_44_FundType,UID-05 Danh mục nghiệp vụ & dịch vụ,in_scope,,,,none,none,none,none,no,0,0
BRD-SRC-ECAT-ECAT_45_OperatingStatus,ECAT,ECAT_45_OperatingStatus,UID-11 Danh mục trạng thái & quy trình xử lý,in_scope,,,,none,none,none,none,no,0,0
BRD-SRC-ECAT-ECAT_46_ShareholderType,ECAT,ECAT_46_ShareholderType,UID-06 Danh mục đối tượng tham gia thị trường,in_scope,,,,none,none,none,none,no,0,0
BRD-SRC-FIMS-ANNOUNCE,FIMS,ANNOUNCE,FIMS_UID08 Công bố thông tin,in_scope,,,,approved,none,none,none,no,1,0
BRD-SRC-FIMS-ANNOUNCEINVES,FIMS,ANNOUNCEINVES,FIMS_UID07 Ủy quyền,in_scope,,,,none,none,none,none,no,0,0
BRD-SRC-FIMS-ANNOUNCEINVESHIS,FIMS,ANNOUNCEINVESHIS,FIMS_UID07 Ủy quyền,out_of_scope,"Snapshot nguồn — lịch sử NĐT NN ủy quyền, xử lý tại ETL",,,none,none,none,none,no,0,0
BRD-SRC-FIMS-ANNOUNCETYPE,FIMS,ANNOUNCETYPE,FIMS_UID01 Quản lý danh mục dùng riêng,in_scope,,,,none,none,none,none,no,0,0
BRD-SRC-FIMS-AUTHOANNOUNCE,FIMS,AUTHOANNOUNCE,FIMS_UID07 Ủy quyền,in_scope,,,,approved,none,none,none,no,1,0
BRD-SRC-FIMS-AUTHOANNOUNCEHIS,FIMS,AUTHOANNOUNCEHIS,FIMS_UID07 Ủy quyền,out_of_scope,"Snapshot nguồn — lịch sử ủy quyền, xử lý tại ETL",,,none,none,none,none,no,0,0
BRD-SRC-FIMS-BANKMONI,FIMS,BANKMONI,FIMS_UID03 Đối tượng gửi báo cáo,in_scope,,,,approved,done,none,none,no,4,1
BRD-SRC-FIMS-BRANCHS,FIMS,BRANCHS,FIMS_UID03 Đối tượng gửi báo cáo,in_scope,,,,approved,done,none,none,no,4,1
BRD-SRC-FIMS-BRANCHSBUSINES,FIMS,BRANCHSBUSINES,FIMS_UID03 Đối tượng gửi báo cáo,in_scope,,,,none,none,none,none,no,0,0
BRD-SRC-FIMS-BUSINESS,FIMS,BUSINESS,FIMS_UID01 Quản lý danh mục dùng riêng,in_scope,,,,none,none,none,none,no,0,0
BRD-SRC-FIMS-CALENDAR,FIMS,CALENDAR,FIMS_UID01 Quản trị phân hệ,out_of_scope,Operational/system data — lịch hệ thống FIMS,,,none,none,none,none,no,0,0
BRD-SRC-FIMS-CALENDARMANAGERMENT,FIMS,CALENDARMANAGERMENT,FIMS_UID01 Quản trị phân hệ,out_of_scope,Operational/system data — log thay đổi lịch hệ thống,,,none,none,none,none,no,0,0
BRD-SRC-FIMS-CATEGORIESSTOCK,FIMS,CATEGORIESSTOCK,FIMS_UID04 Nhà đầu tư nước ngoài,in_scope,,,,approved,none,none,none,no,1,0
BRD-SRC-FIMS-CATEGORIESSTOCKHIS,FIMS,CATEGORIESSTOCKHIS,FIMS_UID04 Nhà đầu tư nước ngoài,out_of_scope,"Snapshot nguồn — lịch sử sở hữu CK, xử lý tại ETL",,,none,none,none,none,no,0,0
BRD-SRC-FIMS-CDTWARN,FIMS,CDTWARN,FIMS_UID09 Cảnh báo,out_of_scope,Operational/system data — điều kiện ngưỡng cảnh báo cấu hình,,,none,none,none,none,no,0,0
BRD-SRC-FIMS-CERTFCATE,FIMS,CERTFCATE,FIMS_UID01 Quản trị phân hệ,out_of_scope,Operational/system data — chứng thư số ứng dụng,,,none,none,none,none,no,0,0
BRD-SRC-FIMS-COMPANYTYPE,FIMS,COMPANYTYPE,FIMS_UID01 Quản lý danh mục dùng riêng,in_scope,,,,none,none,none,none,no,0,0
BRD-SRC-FIMS-CURRENCY,FIMS,CURRENCY,FIMS_UID01 Quản lý danh mục dùng riêng,out_of_scope,Chờ thiết kế — danh mục tiền tệ thu thập từ ECAT (source authoritative),,,none,none,none,none,no,0,0
BRD-SRC-FIMS-DEGREE,FIMS,DEGREE,FIMS_UID01 Quản lý danh mục dùng riêng,in_scope,,,,none,none,none,none,no,0,0
BRD-SRC-FIMS-DEPARTMENT,FIMS,DEPARTMENT,FIMS_UID01 Quản lý danh mục dùng riêng,out_of_scope,Operational/system data — danh mục phòng ban nội bộ FIMS,,,none,none,none,none,no,0,0
BRD-SRC-FIMS-DEPOSITORYCENTER,FIMS,DEPOSITORYCENTER,FIMS_UID03 Đối tượng gửi báo cáo,in_scope,,,,approved,none,none,none,no,3,0
BRD-SRC-FIMS-DOCUMENT,FIMS,DOCUMENT,FIMS_UID10 Tiện ích,out_of_scope,Không có FK inbound từ bảng nghiệp vụ — tài liệu độc lập,,,none,none,none,none,no,0,0
BRD-SRC-FIMS-EMAILSENTSYSTEM,FIMS,EMAILSENTSYSTEM,FIMS_UID10 Tiện ích,out_of_scope,Operational/system data — trao đổi thông tin nội bộ hệ thống,,,none,none,none,none,no,0,0
BRD-SRC-FIMS-ERRORLOG,FIMS,ERRORLOG,FIMS_UID01 Quản trị phân hệ,out_of_scope,Operational/system data — error log ứng dụng,,,none,none,none,none,no,0,0
BRD-SRC-FIMS-FUNDCOMBUSINES,FIMS,FUNDCOMBUSINES,FIMS_UID03 Đối tượng gửi báo cáo,in_scope,,,,none,none,none,none,no,0,0
BRD-SRC-FIMS-FUNDCOMPANY,FIMS,FUNDCOMPANY,FIMS_UID03 Đối tượng gửi báo cáo,in_scope,,,,approved,done,none,none,no,4,2
BRD-SRC-FIMS-FUNDCOMTYPE,FIMS,FUNDCOMTYPE,FIMS_UID03 Đối tượng gửi báo cáo,in_scope,,,,none,none,none,none,no,0,0
BRD-SRC-FIMS-GROUPROLES,FIMS,GROUPROLES,FIMS_UID01 Quản trị phân hệ,out_of_scope,Operational/system data — phân quyền nhóm,,,none,none,none,none,no,0,0
BRD-SRC-FIMS-GROUPS,FIMS,GROUPS,FIMS_UID01 Quản trị phân hệ,out_of_scope,Operational/system data — nhóm người dùng ứng dụng,,,none,none,none,none,no,0,0
BRD-SRC-FIMS-GROUPUSERS,FIMS,GROUPUSERS,FIMS_UID01 Quản trị phân hệ,out_of_scope,Operational/system data — junction nhóm-người dùng,,,none,none,none,none,no,0,0
BRD-SRC-FIMS-INDIREBUSINESS,FIMS,INDIREBUSINESS,FIMS_UID03 Đối tượng gửi báo cáo,in_scope,,,,none,none,none,none,no,0,0
BRD-SRC-FIMS-INFODISCREPRES,FIMS,INFODISCREPRES,FIMS_UID03 Đối tượng gửi báo cáo,in_scope,,,,approved,done,none,none,no,4,1
BRD-SRC-FIMS-INVESTOR,FIMS,INVESTOR,FIMS_UID04 Nhà đầu tư nước ngoài,in_scope,,,,approved,done,none,none,no,4,1
BRD-SRC-FIMS-INVESTORHIS,FIMS,INVESTORHIS,FIMS_UID04 Nhà đầu tư nước ngoài,out_of_scope,"Snapshot nguồn — SCD2 lịch sử NĐT, xử lý tại ETL",,,none,none,none,none,no,0,0
BRD-SRC-FIMS-INVESTORTYPE,FIMS,INVESTORTYPE,FIMS_UID01 Quản lý danh mục dùng riêng,in_scope,,,,none,none,none,none,no,0,0
BRD-SRC-FIMS-JOBTYPE,FIMS,JOBTYPE,FIMS_UID01 Quản lý danh mục dùng riêng,in_scope,,,,none,none,none,none,no,0,0
BRD-SRC-FIMS-LOCATION,FIMS,LOCATION,FIMS_UID01 Quản lý danh mục dùng riêng,out_of_scope,"Chờ thiết kế — reference data địa giới hành chính, sẽ thu thập từ ECAT",,,none,none,none,none,no,0,0
BRD-SRC-FIMS-MENUS,FIMS,MENUS,FIMS_UID01 Quản trị phân hệ,out_of_scope,Operational/system data — danh sách menu/quyền giao diện,,,none,none,none,none,no,0,0
BRD-SRC-FIMS-NATIONAL,FIMS,NATIONAL,FIMS_UID01 Quản lý danh mục dùng riêng,in_scope,,,,approved,none,none,none,no,1,0
BRD-SRC-FIMS-NOTIFICATION,FIMS,NOTIFICATION,FIMS_UID10 Tiện ích,out_of_scope,Operational/system data — thông báo nội bộ ứng dụng FIMS,,,none,none,none,none,no,0,0
BRD-SRC-FIMS-PARAWARN,FIMS,PARAWARN,FIMS_UID09 Cảnh báo,out_of_scope,Operational/system data — tham số cấu hình cảnh báo hệ thống,,,none,none,none,none,no,0,0
BRD-SRC-FIMS-REFRESHTOKEN,FIMS,REFRESHTOKEN,FIMS_UID01 Quản trị phân hệ,out_of_scope,Operational/system data — session management,,,none,none,none,none,no,0,0
BRD-SRC-FIMS-RELATEDPROPERTIES,FIMS,RELATEDPROPERTIES,FIMS_UID01 Quản lý danh mục dùng riêng,in_scope,,,,none,none,none,none,no,0,0
BRD-SRC-FIMS-RELATIONSHIP,FIMS,RELATIONSHIP,FIMS_UID01 Quản lý danh mục dùng riêng,out_of_scope,Chờ thiết kế — chưa có cấu trúc cột rõ ràng,,,none,none,none,none,no,0,0
BRD-SRC-FIMS-REPORTTYPE,FIMS,REPORTTYPE,FIMS_UID01 Quản lý danh mục dùng riêng,in_scope,,,,none,none,none,none,no,0,0
BRD-SRC-FIMS-ROLES,FIMS,ROLES,FIMS_UID01 Quản trị phân hệ,out_of_scope,Operational/system data — nhóm quyền chức năng ứng dụng,,,none,none,none,none,no,0,0
BRD-SRC-FIMS-RPTHTORY,FIMS,RPTHTORY,FIMS_UID01 Quản lý biểu mẫu báo cáo đầu vào,out_of_scope,"Snapshot nguồn — lịch sử thay đổi biểu mẫu, xử lý tại ETL",,,none,none,none,none,no,0,0
BRD-SRC-FIMS-RPTMEMBER,FIMS,RPTMEMBER,FIMS_UID05 Báo cáo thành viên,in_scope,,,,approved,none,none,none,no,1,0
BRD-SRC-FIMS-RPTOUTFILESAVE,FIMS,RPTOUTFILESAVE,FIMS_UID06 Tổng hợp báo cáo,out_of_scope,Operational/system data — file output đã gen,,,none,none,none,none,no,0,0
BRD-SRC-FIMS-RPTOUTMANAGEMENT,FIMS,RPTOUTMANAGEMENT,FIMS_UID06 Tổng hợp báo cáo,out_of_scope,Operational/system data — cấu hình gen file thống kê tự động,,,none,none,none,none,no,0,0
BRD-SRC-FIMS-RPTPDSHT,FIMS,RPTPDSHT,FIMS_UID01 Quản lý biểu mẫu báo cáo đầu vào,out_of_scope,Operational/system data — junction nội bộ biểu mẫu,,,none,none,none,none,no,0,0
BRD-SRC-FIMS-RPTPERIOD,FIMS,RPTPERIOD,FIMS_UID01 Quản lý biểu mẫu báo cáo đầu vào,in_scope,,,,approved,none,none,none,no,1,0
BRD-SRC-FIMS-RPTPROCESS,FIMS,RPTPROCESS,FIMS_UID05 Báo cáo thành viên,out_of_scope,Activity log nguồn — lịch sử trạng thái xử lý báo cáo,,,none,none,none,none,no,0,0
BRD-SRC-FIMS-RPTTEMP,FIMS,RPTTEMP,FIMS_UID01 Quản lý biểu mẫu báo cáo đầu vào,in_scope,,,,approved,none,none,none,no,1,0
BRD-SRC-FIMS-RPTTPOUT,FIMS,RPTTPOUT,FIMS_UID01 Quản lý biểu mẫu báo cáo đầu ra,out_of_scope,Báo cáo đầu ra hệ thống — cấu hình nội bộ UBCKNN,,,none,none,none,none,no,0,0
BRD-SRC-FIMS-RPTVALUES,FIMS,RPTVALUES,FIMS_UID05 Báo cáo thành viên,in_scope,,,,approved,none,none,none,no,1,0
BRD-SRC-FIMS-RPTVALUESMANAGERMENT,FIMS,RPTVALUESMANAGERMENT,FIMS_UID05 Báo cáo thành viên,out_of_scope,Operational/system data — quản lý metadata bảng giá trị báo cáo,,,none,none,none,none,no,0,0
BRD-SRC-FIMS-SECCOMBUSINES,FIMS,SECCOMBUSINES,FIMS_UID03 Đối tượng gửi báo cáo,in_scope,,,,none,none,none,none,no,0,0
BRD-SRC-FIMS-SECCOMTYPE,FIMS,SECCOMTYPE,FIMS_UID03 Đối tượng gửi báo cáo,in_scope,,,,none,none,none,none,no,0,0
BRD-SRC-FIMS-SECURITIES,FIMS,SECURITIES,FIMS_UID01 Quản lý danh mục dùng riêng,in_scope,,,,none,none,none,none,no,0,0
BRD-SRC-FIMS-SECURITIESACCOUNT,FIMS,SECURITIESACCOUNT,FIMS_UID04 Nhà đầu tư nước ngoài,in_scope,,,,approved,none,none,none,no,1,0
BRD-SRC-FIMS-SECURITIESACCOUNTHIS,FIMS,SECURITIESACCOUNTHIS,FIMS_UID04 Nhà đầu tư nước ngoài,out_of_scope,"Snapshot nguồn — lịch sử tài khoản CK, xử lý tại ETL",,,none,none,none,none,no,0,0
BRD-SRC-FIMS-SECURITIESCOMPANY,FIMS,SECURITIESCOMPANY,FIMS_UID03 Đối tượng gửi báo cáo,in_scope,,,,approved,done,none,none,no,4,1
BRD-SRC-FIMS-SECURITIESTYPE,FIMS,SECURITIESTYPE,FIMS_UID01 Quản lý danh mục dùng riêng,in_scope,,,,none,none,none,none,no,0,0
BRD-SRC-FIMS-SELFSETPD,FIMS,SELFSETPD,FIMS_UID01 Quản lý biểu mẫu báo cáo đầu vào,out_of_scope,Operational/system data — cấu hình kỳ báo cáo bổ sung,,,none,none,none,none,no,0,0
BRD-SRC-FIMS-SHEET,FIMS,SHEET,FIMS_UID01 Quản lý biểu mẫu báo cáo đầu vào,in_scope,,,,none,none,none,none,no,0,0
BRD-SRC-FIMS-SHEETOUT,FIMS,SHEETOUT,FIMS_UID01 Quản lý biểu mẫu báo cáo đầu ra,out_of_scope,Báo cáo đầu ra hệ thống — cấu hình nội bộ UBCKNN,,,none,none,none,none,no,0,0
BRD-SRC-FIMS-STATUS,FIMS,STATUS,FIMS_UID01 Quản lý danh mục dùng riêng,in_scope,,,,none,none,none,none,no,0,0
BRD-SRC-FIMS-STOCKEXCHANGE,FIMS,STOCKEXCHANGE,FIMS_UID03 Đối tượng gửi báo cáo,in_scope,,,,approved,none,none,none,no,3,0
BRD-SRC-FIMS-STOCKHOLDERTYPE,FIMS,STOCKHOLDERTYPE,FIMS_UID01 Quản lý danh mục dùng riêng,in_scope,,,,none,none,none,none,no,0,0
BRD-SRC-FIMS-SYSEMAIL,FIMS,SYSEMAIL,FIMS_UID10 Tiện ích,out_of_scope,Operational/system data — email log hệ thống,,,none,none,none,none,no,0,0
BRD-SRC-FIMS-SYSTEMINTEGRATIONCONFIG,FIMS,SYSTEMINTEGRATIONCONFIG,FIMS_UID02 Quản lý tích hợp,out_of_scope,Operational/system data — cấu hình kết nối API,,,none,none,none,none,no,0,0
BRD-SRC-FIMS-SYSTEMINTEGRATIONDATA,FIMS,SYSTEMINTEGRATIONDATA,FIMS_UID02 Quản lý tích hợp,out_of_scope,Operational/system data — dữ liệu tích hợp MSS nội bộ,,,none,none,none,none,no,0,0
BRD-SRC-FIMS-SYSVAR,FIMS,SYSVAR,FIMS_UID01 Quản trị phân hệ,out_of_scope,Operational/system data — tham số cấu hình ứng dụng,,,none,none,none,none,no,0,0
BRD-SRC-FIMS-TLPROFILES,FIMS,TLPROFILES,FIMS_UID03 Đối tượng gửi báo cáo,in_scope,,,,approved,done,none,none,no,4,1
BRD-SRC-FIMS-TLPROJOB,FIMS,TLPROJOB,FIMS_UID03 Đối tượng gửi báo cáo,in_scope,,,,none,none,none,none,no,0,0
BRD-SRC-FIMS-TLPROSTOCKH,FIMS,TLPROSTOCKH,FIMS_UID03 Đối tượng gửi báo cáo,in_scope,,,,none,none,none,none,no,0,0
BRD-SRC-FIMS-TPOUTHTORY,FIMS,TPOUTHTORY,FIMS_UID01 Quản lý biểu mẫu báo cáo đầu ra,out_of_scope,Snapshot nguồn — lịch sử thay đổi biểu mẫu đầu ra,,,none,none,none,none,no,0,0
BRD-SRC-FIMS-UNIT,FIMS,UNIT,FIMS_UID01 Quản lý danh mục dùng riêng,out_of_scope,Operational/system data — đơn vị đo lường nội bộ ứng dụng,,,none,none,none,none,no,0,0
BRD-SRC-FIMS-USERRPTO,FIMS,USERRPTO,FIMS_UID01 Quản trị phân hệ,out_of_scope,Operational/system data — phân quyền xem báo cáo đầu ra,,,none,none,none,none,no,0,0
BRD-SRC-FIMS-USERS,FIMS,USERS,FIMS_UID01 Quản trị phân hệ,out_of_scope,Operational/system data — quản lý người dùng ứng dụng FIMS,,,none,none,none,none,no,0,0
BRD-SRC-FIMS-USERSESSIONS,FIMS,USERSESSIONS,FIMS_UID01 Quản trị phân hệ,out_of_scope,Operational/system data — session tracking,,,none,none,none,none,no,0,0
BRD-SRC-FIMS-USERSMENUS,FIMS,USERSMENUS,FIMS_UID01 Quản trị phân hệ,out_of_scope,Operational/system data — phân quyền người dùng,,,none,none,none,none,no,0,0
BRD-SRC-FIMS-VIOLATIONTYPE,FIMS,VIOLATIONTYPE,FIMS_UID01 Quản lý danh mục dùng riêng,out_of_scope,Chờ thiết kế — danh mục loại vi phạm chưa xác định scope,,,none,none,none,none,no,0,0
BRD-SRC-FIMS-VIOLT,FIMS,VIOLT,FIMS_UID09 Cảnh báo,in_scope,,,,approved,none,none,none,no,1,0
BRD-SRC-FMS-AGENCIES,FMS,AGENCIES,FMS.4 Quỹ đầu tư chứng khoán,in_scope,,,,approved,none,none,none,no,2,0
BRD-SRC-FMS-AGENCIESBRA,FMS,AGENCIESBRA,FMS.4 Quỹ đầu tư chứng khoán,in_scope,,,,approved,none,none,none,no,2,0
BRD-SRC-FMS-AGENCYTYPE,FMS,AGENCYTYPE,FMS.4 Quỹ đầu tư chứng khoán,in_scope,,,,none,none,none,none,no,0,0
BRD-SRC-FMS-AGENFUNDS,FMS,AGENFUNDS,FMS.4 Quỹ đầu tư chứng khoán,in_scope,,,,none,none,none,none,no,0,0
BRD-SRC-FMS-BANKMONI,FMS,BANKMONI,FMS.4 Quỹ đầu tư chứng khoán,in_scope,,,,approved,none,none,none,no,3,0
BRD-SRC-FMS-BRANCHES,FMS,BRANCHES,FMS.3 Thông tin thành viên — Công ty QLQ,in_scope,,,,approved,none,none,none,no,4,0
BRD-SRC-FMS-BRCHBUP,FMS,BRCHBUP,FMS.3 Thông tin thành viên — Công ty QLQ,out_of_scope,Snapshot nguồn — lịch sử chi tiết CN/VPĐD,,,none,none,none,none,no,0,0
BRD-SRC-FMS-BUSINESS,FMS,BUSINESS,FMS.2 Danh mục dùng riêng,in_scope,,,,none,none,none,none,no,0,0
BRD-SRC-FMS-CALENDAR,FMS,CALENDAR,FMS.1 Quản trị phân hệ,out_of_scope,Isolated — không có FK inbound từ bảng nghiệp vụ,,,none,none,none,none,no,0,0
BRD-SRC-FMS-CERTFCATE,FMS,CERTFCATE,FMS.1 Quản trị phân hệ,out_of_scope,Isolated — không có FK inbound từ bảng nghiệp vụ,,,none,none,none,none,no,0,0
BRD-SRC-FMS-DTSCBMN,FMS,DTSCBMN,FMS.3 Thông tin thành viên — Công ty QLQ,out_of_scope,Hạ tầng IT — phân quyền dữ liệu NH LKGS,,,none,none,none,none,no,0,0
BRD-SRC-FMS-DTSCFND,FMS,DTSCFND,FMS.3 Thông tin thành viên — Công ty QLQ,out_of_scope,Hạ tầng IT — phân quyền dữ liệu quỹ đầu tư,,,none,none,none,none,no,0,0
BRD-SRC-FMS-DTSCFR,FMS,DTSCFR,FMS.3 Thông tin thành viên — Công ty QLQ,out_of_scope,Hạ tầng IT — phân quyền dữ liệu VPĐD/CN QLQ NN,,,none,none,none,none,no,0,0
BRD-SRC-FMS-DTSCOPE,FMS,DTSCOPE,FMS.3 Thông tin thành viên — Công ty QLQ,out_of_scope,Hạ tầng IT — phân quyền dữ liệu theo đối tượng,,,none,none,none,none,no,0,0
BRD-SRC-FMS-FGBRBUP,FMS,FGBRBUP,FMS.3 Thông tin thành viên — Công ty QLQ,out_of_scope,Audit Log nguồn — lịch sử VPĐD/CN QLQ NN,,,none,none,none,none,no,0,0
BRD-SRC-FMS-FGBUSINESS,FMS,FGBUSINESS,FMS.3 Thông tin thành viên — Công ty QLQ,in_scope,,,,none,none,none,none,no,0,0
BRD-SRC-FMS-FNDBUP,FMS,FNDBUP,FMS.4 Quỹ đầu tư chứng khoán,out_of_scope,Snapshot nguồn — chi tiết lịch sử quỹ (chưa có cột),,,none,none,none,none,no,0,0
BRD-SRC-FMS-FNDSBMN,FMS,FNDSBMN,FMS.4 Quỹ đầu tư chứng khoán,in_scope,,,,none,none,none,none,no,0,0
BRD-SRC-FMS-FORBRCH,FMS,FORBRCH,FMS.3 Thông tin thành viên — Công ty QLQ,in_scope,,,,approved,none,none,none,no,4,0
BRD-SRC-FMS-FUNDHISTORY,FMS,FUNDHISTORY,FMS.4 Quỹ đầu tư chứng khoán,out_of_scope,Audit Log nguồn — lịch sử thay đổi quỹ đầu tư,,,none,none,none,none,no,0,0
BRD-SRC-FMS-FUNDS,FMS,FUNDS,FMS.4 Quỹ đầu tư chứng khoán,in_scope,,,,approved,none,none,none,no,2,0
BRD-SRC-FMS-INVES,FMS,INVES,FMS.4 Quỹ đầu tư chứng khoán,in_scope,,,,approved,none,none,none,no,2,0
BRD-SRC-FMS-INVESACC,FMS,INVESACC,FMS.4 Quỹ đầu tư chứng khoán,in_scope,,,,approved,none,none,none,no,1,0
BRD-SRC-FMS-JOBTYPE,FMS,JOBTYPE,FMS.2 Danh mục dùng riêng,in_scope,,,,none,none,none,none,no,0,0
BRD-SRC-FMS-LOCATION,FMS,LOCATION,FMS.2 Danh mục dùng riêng,out_of_scope,Chưa phân loại — không có trong HLD và ref CSV; reference data địa giới thu thập từ ECAT,,,none,none,none,none,no,0,0
BRD-SRC-FMS-MBCHANGE,FMS,MBCHANGE,FMS.4 Quỹ đầu tư chứng khoán,in_scope,,,,approved,none,none,none,no,1,0
BRD-SRC-FMS-MBFUND,FMS,MBFUND,FMS.4 Quỹ đầu tư chứng khoán,in_scope,,,,approved,none,none,none,no,1,0
BRD-SRC-FMS-MENUS,FMS,MENUS,FMS.1 Quản trị phân hệ,out_of_scope,Hạ tầng IT — menu/chức năng giao diện ứng dụng,,,none,none,none,none,no,0,0
BRD-SRC-FMS-NATIONAL,FMS,NATIONAL,FMS.2 Danh mục dùng riêng,in_scope,,,,none,none,none,none,no,0,0
BRD-SRC-FMS-NOTIFICATION,FMS,NOTIFICATION,FMS.7 Tiện ích và hệ thống,out_of_scope,Hạ tầng IT — thông báo nội bộ ứng dụng,,,none,none,none,none,no,0,0
BRD-SRC-FMS-PARAWARN,FMS,PARAWARN,FMS.6 Đánh giá xếp loại và cảnh báo,out_of_scope,Isolated — không có FK inbound từ bảng nghiệp vụ,,,none,none,none,none,no,0,0
BRD-SRC-FMS-PARVALUE,FMS,PARVALUE,FMS.2 Danh mục dùng riêng,out_of_scope,Orphan — không có bảng nghiệp vụ nào FK đến,,,none,none,none,none,no,0,0
BRD-SRC-FMS-RANK,FMS,RANK,FMS.6 Đánh giá xếp loại và cảnh báo,in_scope,,,,approved,none,none,none,no,1,0
BRD-SRC-FMS-RATINGPD,FMS,RATINGPD,FMS.6 Đánh giá xếp loại và cảnh báo,in_scope,,,,approved,none,none,none,no,1,0
BRD-SRC-FMS-REFRESHTOKEN,FMS,REFRESHTOKEN,FMS.1 Quản trị phân hệ,out_of_scope,Hạ tầng IT — session token xác thực,,,none,none,none,none,no,0,0
BRD-SRC-FMS-RELATION,FMS,RELATION,FMS.2 Danh mục dùng riêng,in_scope,,,,none,none,none,none,no,0,0
BRD-SRC-FMS-REPRESENT,FMS,REPRESENT,FMS.4 Quỹ đầu tư chứng khoán,in_scope,,,,approved,none,none,none,no,1,0
BRD-SRC-FMS-RNKFACTHISTORY,FMS,RNKFACTHISTORY,FMS.6 Đánh giá xếp loại và cảnh báo,out_of_scope,Chờ thiết kế — chưa có cột,,,none,none,none,none,no,0,0
BRD-SRC-FMS-RNKFACTOR,FMS,RNKFACTOR,FMS.6 Đánh giá xếp loại và cảnh báo,in_scope,,,,approved,none,none,none,no,1,0
BRD-SRC-FMS-RNKGRFTOR,FMS,RNKGRFTOR,FMS.6 Đánh giá xếp loại và cảnh báo,out_of_scope,Chờ thiết kế — chưa có cột,,,none,none,none,none,no,0,0
BRD-SRC-FMS-ROLES,FMS,ROLES,FMS.1 Quản trị phân hệ,out_of_scope,Hạ tầng IT — nhóm quyền RBAC ứng dụng,,,none,none,none,none,no,0,0
BRD-SRC-FMS-ROLESMENUS,FMS,ROLESMENUS,FMS.1 Quản trị phân hệ,out_of_scope,Hạ tầng IT — mapping menu-nhóm quyền,,,none,none,none,none,no,0,0
BRD-SRC-FMS-RPTHTORY,FMS,RPTHTORY,FMS.5 Quản lý báo cáo,out_of_scope,Chưa có cột — chờ thiết kế,,,none,none,none,none,no,0,0
BRD-SRC-FMS-RPTMBHS,FMS,RPTMBHS,FMS.5 Quản lý báo cáo,in_scope,,,,approved,none,none,none,no,1,0
BRD-SRC-FMS-RPTMEMBER,FMS,RPTMEMBER,FMS.5 Quản lý báo cáo,in_scope,,,,approved,none,none,none,no,1,0
BRD-SRC-FMS-RPTPDSHT,FMS,RPTPDSHT,FMS.5 Quản lý báo cáo,out_of_scope,Chưa có cột — chờ thiết kế,,,none,none,none,none,no,0,0
BRD-SRC-FMS-RPTPERIOD,FMS,RPTPERIOD,FMS.5 Quản lý báo cáo,in_scope,,,,approved,none,none,none,no,1,0
BRD-SRC-FMS-RPTPROCESS,FMS,RPTPROCESS,FMS.5 Quản lý báo cáo,out_of_scope,Chưa có cột — chờ thiết kế,,,none,none,none,none,no,0,0
BRD-SRC-FMS-RPTTEMP,FMS,RPTTEMP,FMS.5 Quản lý báo cáo,out_of_scope,Chưa có cột — chờ thiết kế,,,none,none,none,none,no,0,0
BRD-SRC-FMS-RPTTPOUT,FMS,RPTTPOUT,FMS.5 Quản lý báo cáo,out_of_scope,Chưa có cột — chờ thiết kế,,,none,none,none,none,no,0,0
BRD-SRC-FMS-RPTVALUES,FMS,RPTVALUES,FMS.5 Quản lý báo cáo,in_scope,,,,approved,none,none,none,no,1,0
BRD-SRC-FMS-SECBUP,FMS,SECBUP,FMS.3 Thông tin thành viên — Công ty QLQ,out_of_scope,"Snapshot nguồn — chi tiết before/after, xử lý tại ETL",,,none,none,none,none,no,0,0
BRD-SRC-FMS-SECBUSINES,FMS,SECBUSINES,FMS.3 Thông tin thành viên — Công ty QLQ,in_scope,,,,none,none,none,none,no,0,0
BRD-SRC-FMS-SECHISTORY,FMS,SECHISTORY,FMS.3 Thông tin thành viên — Công ty QLQ,out_of_scope,Audit Log nguồn — lịch sử thay đổi công ty QLQ,,,none,none,none,none,no,0,0
BRD-SRC-FMS-SECURITIES,FMS,SECURITIES,FMS.3 Thông tin thành viên — Công ty QLQ,in_scope,,,,approved,none,none,none,no,4,0
BRD-SRC-FMS-SECURITIESREPORT,FMS,SECURITIESREPORT,FMS.5 Quản lý báo cáo,out_of_scope,Cấu hình UI — thiết lập hiển thị báo cáo,,,none,none,none,none,no,0,0
BRD-SRC-FMS-SELFSETPD,FMS,SELFSETPD,FMS.5 Quản lý báo cáo,out_of_scope,Chưa có cột — chờ thiết kế,,,none,none,none,none,no,0,0
BRD-SRC-FMS-SHEET,FMS,SHEET,FMS.5 Quản lý báo cáo,out_of_scope,Chưa có cột — chờ thiết kế,,,none,none,none,none,no,0,0
BRD-SRC-FMS-SHEETOUT,FMS,SHEETOUT,FMS.5 Quản lý báo cáo,out_of_scope,Chưa có cột — chờ thiết kế,,,none,none,none,none,no,0,0
BRD-SRC-FMS-STAKE,FMS,STAKE,FMS.3 Thông tin thành viên — Công ty QLQ,out_of_scope,Chưa có cột — chờ thiết kế,,,none,none,none,none,no,0,0
BRD-SRC-FMS-STATUS,FMS,STATUS,FMS.2 Danh mục dùng riêng,in_scope,,,,none,none,none,none,no,0,0
BRD-SRC-FMS-STFFGBRCH,FMS,STFFGBRCH,FMS.3 Thông tin thành viên — Công ty QLQ,in_scope,,,,approved,none,none,none,no,1,0
BRD-SRC-FMS-STOCKHOLDERTYPE,FMS,STOCKHOLDERTYPE,FMS.2 Danh mục dùng riêng,in_scope,,,,none,none,none,none,no,0,0
BRD-SRC-FMS-STTRGTOUT,FMS,STTRGTOUT,FMS.5 Quản lý báo cáo,out_of_scope,Chưa có cột — chờ thiết kế,,,none,none,none,none,no,0,0
BRD-SRC-FMS-SYSEMAIL,FMS,SYSEMAIL,FMS.7 Tiện ích và hệ thống,out_of_scope,Hạ tầng IT — email log hệ thống,,,none,none,none,none,no,0,0
BRD-SRC-FMS-SYSVAR,FMS,SYSVAR,FMS.7 Tiện ích và hệ thống,out_of_scope,Isolated — không có FK inbound; tham số cấu hình ứng dụng,,,none,none,none,none,no,0,0
BRD-SRC-FMS-TABSINFO,FMS,TABSINFO,FMS.7 Tiện ích và hệ thống,out_of_scope,Cấu hình UI — thiết lập hiển thị giao diện,,,none,none,none,none,no,0,0
BRD-SRC-FMS-TLPRHISTORY,FMS,TLPRHISTORY,FMS.3 Thông tin thành viên — Công ty QLQ,out_of_scope,Audit Log nguồn — lịch sử nhân sự QLQ,,,none,none,none,none,no,0,0
BRD-SRC-FMS-TLPROBUP,FMS,TLPROBUP,FMS.3 Thông tin thành viên — Công ty QLQ,out_of_scope,Snapshot nguồn — chi tiết before/after nhân sự,,,none,none,none,none,no,0,0
BRD-SRC-FMS-TLProfiles,FMS,TLProfiles,FMS.3 Thông tin thành viên — Công ty QLQ,in_scope,,,,approved,none,none,none,no,2,0
BRD-SRC-FMS-TOTSTTG,FMS,TOTSTTG,FMS.5 Quản lý báo cáo,out_of_scope,Chưa có cột — chờ thiết kế,,,none,none,none,none,no,0,0
BRD-SRC-FMS-TPOUTHTORY,FMS,TPOUTHTORY,FMS.5 Quản lý báo cáo,out_of_scope,Chưa có cột — chờ thiết kế,,,none,none,none,none,no,0,0
BRD-SRC-FMS-TRANSFERMBF,FMS,TRANSFERMBF,FMS.4 Quỹ đầu tư chứng khoán,in_scope,,,,approved,none,none,none,no,1,0
BRD-SRC-FMS-TRSFERINDER,FMS,TRSFERINDER,FMS.4 Quỹ đầu tư chứng khoán,in_scope,,,,approved,none,none,none,no,1,0
BRD-SRC-FMS-USERRPTO,FMS,USERRPTO,FMS.1 Quản trị phân hệ,out_of_scope,Hạ tầng IT — phân quyền xem báo cáo đầu ra (chưa có cột),,,none,none,none,none,no,0,0
BRD-SRC-FMS-USERS,FMS,USERS,FMS.1 Quản trị phân hệ,out_of_scope,Hạ tầng IT — quản lý người dùng ứng dụng FMS,,,none,none,none,none,no,0,0
BRD-SRC-FMS-USERSESSIONS,FMS,USERSESSIONS,FMS.1 Quản trị phân hệ,out_of_scope,Hạ tầng IT — session tracking,,,none,none,none,none,no,0,0
BRD-SRC-FMS-USERSMENUS,FMS,USERSMENUS,FMS.1 Quản trị phân hệ,out_of_scope,Hạ tầng IT — phân quyền cá nhân,,,none,none,none,none,no,0,0
BRD-SRC-FMS-VIOLT,FMS,VIOLT,FMS.7 Tiện ích và hệ thống,in_scope,,,,approved,none,none,none,no,1,0
BRD-SRC-GSGD-abnormal_report,GSGD,abnormal_report,UID1.4 Quản lý báo cáo (tuân thủ & bất thường),in_scope,,,,approved,none,none,none,no,1,0
BRD-SRC-GSGD-abnormal_report_file,GSGD,abnormal_report_file,UID1.4 Quản lý báo cáo (tuân thủ & bất thường),in_scope,,,,approved,none,none,none,no,1,0
BRD-SRC-GSGD-account_authorization,GSGD,account_authorization,UID1.1 Quản lý tài khoản nhà đầu tư,in_scope,,,,approved,none,none,none,no,1,0
BRD-SRC-GSGD-account_financial_service,GSGD,account_financial_service,UID1.1 Quản lý tài khoản nhà đầu tư,in_scope,,,,approved,none,none,none,no,1,0
BRD-SRC-GSGD-account_group,GSGD,account_group,UID1.1 Quản lý tài khoản nhà đầu tư,in_scope,,,,approved,none,none,none,no,1,0
BRD-SRC-GSGD-account_group_history,GSGD,account_group_history,UID1.1 Quản lý tài khoản nhà đầu tư,out_of_scope,Audit Log nguồn — lịch sử thay đổi nhóm tài khoản,,,none,none,none,none,no,0,0
BRD-SRC-GSGD-account_group_member,GSGD,account_group_member,UID1.1 Quản lý tài khoản nhà đầu tư,in_scope,,,,approved,none,none,none,no,1,0
BRD-SRC-GSGD-account_relationship,GSGD,account_relationship,UID1.1 Quản lý tài khoản nhà đầu tư,in_scope,,,,approved,none,none,none,no,1,0
BRD-SRC-GSGD-analysis_account_group,GSGD,analysis_account_group,UID2.3 Thực thi và kết quả phân tích,in_scope,,,,approved,none,none,none,no,1,0
BRD-SRC-GSGD-analysis_account_group_member,GSGD,analysis_account_group_member,UID2.3 Thực thi và kết quả phân tích,in_scope,,,,approved,none,none,none,no,1,0
BRD-SRC-GSGD-analysis_account_relationship,GSGD,analysis_account_relationship,UID2.3 Thực thi và kết quả phân tích,in_scope,,,,approved,none,none,none,no,1,0
BRD-SRC-GSGD-analysis_attribute_define,GSGD,analysis_attribute_define,UID2.2 Tiêu chí và tham số phân tích,in_scope,,,,approved,none,none,none,no,1,0
BRD-SRC-GSGD-analysis_attribute_value,GSGD,analysis_attribute_value,UID2.2 Tiêu chí và tham số phân tích,in_scope,,,,approved,none,none,none,no,1,0
BRD-SRC-GSGD-analysis_define_report_template,GSGD,analysis_define_report_template,UID3 Quản trị phân hệ & tiện ích,out_of_scope,"Pure junction — không có giá trị nghiệp vụ, cấu hình biểu mẫu phân tích",,,none,none,none,none,no,0,0
BRD-SRC-GSGD-analysis_execution_log,GSGD,analysis_execution_log,UID2.3 Thực thi và kết quả phân tích,in_scope,,,,approved,none,none,none,no,1,0
BRD-SRC-GSGD-analysis_report,GSGD,analysis_report,UID2.3 Thực thi và kết quả phân tích,in_scope,,,,approved,none,none,none,no,1,0
BRD-SRC-GSGD-analysis_suspicious_account,GSGD,analysis_suspicious_account,UID2.3 Thực thi và kết quả phân tích,in_scope,,,,approved,none,none,none,no,1,0
BRD-SRC-GSGD-analysis_suspicious_account_code,GSGD,analysis_suspicious_account_code,UID2.3 Thực thi và kết quả phân tích,in_scope,,,,approved,none,none,none,no,1,0
BRD-SRC-GSGD-audit_log,GSGD,audit_log,UID3 Quản trị phân hệ & tiện ích,out_of_scope,Operational/system data — audit trail thao tác người dùng,,,none,none,none,none,no,0,0
BRD-SRC-GSGD-case_approval_step,GSGD,case_approval_step,UID2.1 Khởi tạo và phê duyệt vụ việc,in_scope,,,,approved,none,none,none,no,1,0
BRD-SRC-GSGD-case_attach_file,GSGD,case_attach_file,UID2.1 Khởi tạo và phê duyệt vụ việc,in_scope,,,,approved,none,none,none,no,1,0
BRD-SRC-GSGD-case_file,GSGD,case_file,UID2.1 Khởi tạo và phê duyệt vụ việc,in_scope,,,,approved,none,none,none,no,1,0
BRD-SRC-GSGD-case_file_workflow,GSGD,case_file_workflow,UID2.1 Khởi tạo và phê duyệt vụ việc,in_scope,,,,approved,none,none,none,no,1,0
BRD-SRC-GSGD-category_config,GSGD,category_config,UID3 Quản trị phân hệ & tiện ích,out_of_scope,"Reference Data — xử lý thành Classification Value scheme, không tạo Atomic entity",,,none,none,none,none,no,0,0
BRD-SRC-GSGD-category_item,GSGD,category_item,UID3 Quản trị phân hệ & tiện ích,out_of_scope,"Reference Data — xử lý thành Classification Value, không tạo Atomic entity",,,none,none,none,none,no,0,0
BRD-SRC-GSGD-company_event,GSGD,company_event,UID1.2 Khai thác thông tin doanh nghiệp,in_scope,,,,approved,none,none,none,no,1,0
BRD-SRC-GSGD-company_event_history,GSGD,company_event_history,UID1.2 Khai thác thông tin doanh nghiệp,out_of_scope,Audit Log nguồn — lịch sử thay đổi sự kiện TCNY,,,none,none,none,none,no,0,0
BRD-SRC-GSGD-compliance_report_config,GSGD,compliance_report_config,UID1.4 Quản lý báo cáo (tuân thủ & bất thường),in_scope,,,,approved,none,none,none,no,1,0
BRD-SRC-GSGD-compliance_report_data,GSGD,compliance_report_data,UID1.4 Quản lý báo cáo (tuân thủ & bất thường),in_scope,,,,approved,none,none,none,no,1,0
BRD-SRC-GSGD-compliance_report_master,GSGD,compliance_report_master,UID1.4 Quản lý báo cáo (tuân thủ & bất thường),in_scope,,,,approved,none,none,none,no,1,0
BRD-SRC-GSGD-compliance_report_template,GSGD,compliance_report_template,UID1.4 Quản lý báo cáo (tuân thủ & bất thường),in_scope,,,,approved,none,none,none,no,1,0
BRD-SRC-GSGD-investor_account,GSGD,investor_account,UID1.1 Quản lý tài khoản nhà đầu tư,in_scope,,,,approved,none,none,none,no,1,0
BRD-SRC-GSGD-investor_account_history,GSGD,investor_account_history,UID1.1 Quản lý tài khoản nhà đầu tư,out_of_scope,Audit Log nguồn — lịch sử thay đổi thông tin tài khoản NĐT,,,none,none,none,none,no,0,0
BRD-SRC-GSGD-report_template,GSGD,report_template,UID3 Quản trị phân hệ & tiện ích,out_of_scope,Operational/system data — UI metadata cấu hình biểu mẫu BM001–BM121,,,none,none,none,none,no,0,0
BRD-SRC-GSGD-report_template_workflow,GSGD,report_template_workflow,UID3 Quản trị phân hệ & tiện ích,out_of_scope,Operational/system data — cấu hình biểu mẫu theo quy trình,,,none,none,none,none,no,0,0
BRD-SRC-GSGD-securities_group,GSGD,securities_group,UID1.3 Quản lý mã chứng khoán,in_scope,,,,approved,none,none,none,no,1,0
BRD-SRC-GSGD-securities_group_history,GSGD,securities_group_history,UID1.3 Quản lý mã chứng khoán,out_of_scope,Audit Log nguồn — lịch sử thay đổi nhóm CK,,,none,none,none,none,no,0,0
BRD-SRC-GSGD-securities_group_member,GSGD,securities_group_member,UID1.3 Quản lý mã chứng khoán,in_scope,,,,none,none,none,none,no,0,0
BRD-SRC-GSGD-suspicious_account,GSGD,suspicious_account,UID2.4 Tài khoản nghi vấn (kết luận vụ việc),in_scope,,,,approved,none,none,none,no,1,0
BRD-SRC-GSGD-suspicious_account_group,GSGD,suspicious_account_group,UID2.4 Tài khoản nghi vấn (kết luận vụ việc),in_scope,,,,approved,none,none,none,no,1,0
BRD-SRC-GSGD-system_config,GSGD,system_config,UID3 Quản trị phân hệ & tiện ích,out_of_scope,Operational/system data — tham số cấu hình hệ thống,,,none,none,none,none,no,0,0
BRD-SRC-GSGD-system_parameter,GSGD,system_parameter,UID3 Quản trị phân hệ & tiện ích,out_of_scope,Operational/system data — tham số vận hành hệ thống,,,none,none,none,none,no,0,0
BRD-SRC-GSGD-system_permission,GSGD,system_permission,UID3 Quản trị phân hệ & tiện ích,out_of_scope,Operational/system data — danh sách quyền hệ thống,,,none,none,none,none,no,0,0
BRD-SRC-GSGD-system_user,GSGD,system_user,UID3 Quản trị phân hệ & tiện ích,out_of_scope,Operational/system data — quản lý người dùng ứng dụng GSGD,,,none,none,none,none,no,0,0
BRD-SRC-GSGD-user_group,GSGD,user_group,UID3 Quản trị phân hệ & tiện ích,out_of_scope,Operational/system data — nhóm người dùng ứng dụng,,,none,none,none,none,no,0,0
BRD-SRC-GSGD-user_group_member,GSGD,user_group_member,UID3 Quản trị phân hệ & tiện ích,out_of_scope,Operational/system data — junction nhóm-người dùng,,,none,none,none,none,no,0,0
BRD-SRC-GSGD-user_table_config,GSGD,user_table_config,UID3 Quản trị phân hệ & tiện ích,out_of_scope,Operational/system data — UI metadata cấu hình hiển thị,,,none,none,none,none,no,0,0
BRD-SRC-IDS-account_numbers,IDS,account_numbers,UID-04 Quản lý cổ đông giao dịch,in_scope,,,,approved,none,none,none,no,1,0
BRD-SRC-IDS-af_approval,IDS,af_approval,UID-07 Quản lý công ty kiểm toán,in_scope,,,,approved,none,none,none,no,1,0
BRD-SRC-IDS-af_auditor_approval,IDS,af_auditor_approval,UID-07 Quản lý công ty kiểm toán,in_scope,,,,approved,none,none,none,no,1,0
BRD-SRC-IDS-af_legal_representative,IDS,af_legal_representative,UID-07 Quản lý công ty kiểm toán,in_scope,,,,approved,none,none,none,no,3,0
BRD-SRC-IDS-af_profiles,IDS,af_profiles,UID-07 Quản lý công ty kiểm toán,in_scope,,,,approved,none,none,none,no,3,0
BRD-SRC-IDS-af_sanctions,IDS,af_sanctions,UID-07 Quản lý công ty kiểm toán,in_scope,,,,approved,none,none,none,no,1,0
BRD-SRC-IDS-af_warning,IDS,af_warning,UID-07 Quản lý công ty kiểm toán,in_scope,,,,approved,none,none,none,no,1,0
BRD-SRC-IDS-capital_mobilization,IDS,capital_mobilization,UID-02 Hoạt động kinh doanh / Corporate Actions của CTĐC,in_scope,,,,approved,none,none,none,no,1,0
BRD-SRC-IDS-categories,IDS,categories,UID-09 Quản trị hệ thống và danh mục dùng chung,in_scope,,,,none,none,none,none,no,0,0
BRD-SRC-IDS-company_add_capital,IDS,company_add_capital,UID-02 Hoạt động kinh doanh / Corporate Actions của CTĐC,in_scope,,,,approved,none,none,none,no,1,0
BRD-SRC-IDS-company_change_role_his,IDS,company_change_role_his,UID-08 Lịch sử thay đổi (SCD2 kỹ thuật),out_of_scope,Bảng lịch sử kỹ thuật — SCD2 Atomic tự track,,,none,none,none,none,no,0,0
BRD-SRC-IDS-company_data,IDS,company_data,UID-05 Công bố thông tin và thông báo,in_scope,,,,approved,none,none,none,no,1,0
BRD-SRC-IDS-company_detail,IDS,company_detail,UID-01 Quản lý hồ sơ công ty đại chúng,in_scope,,,,approved,none,none,none,no,3,0
BRD-SRC-IDS-company_detail_his,IDS,company_detail_his,UID-08 Lịch sử thay đổi (SCD2 kỹ thuật),out_of_scope,Bảng lịch sử kỹ thuật — SCD2 Atomic tự track,,,none,none,none,none,no,0,0
BRD-SRC-IDS-company_inspection,IDS,company_inspection,UID-03 Giám sát và xử phạt CTĐC,in_scope,,,,approved,none,none,none,no,1,0
BRD-SRC-IDS-company_penalize,IDS,company_penalize,UID-03 Giám sát và xử phạt CTĐC,in_scope,,,,approved,none,none,none,no,1,0
BRD-SRC-IDS-company_profiles,IDS,company_profiles,UID-01 Quản lý hồ sơ công ty đại chúng,in_scope,,,,approved,none,none,none,no,1,0
BRD-SRC-IDS-company_profiles_his,IDS,company_profiles_his,UID-08 Lịch sử thay đổi (SCD2 kỹ thuật),out_of_scope,Bảng lịch sử kỹ thuật — SCD2 Atomic tự track,,,none,none,none,none,no,0,0
BRD-SRC-IDS-company_relationship,IDS,company_relationship,UID-01 Quản lý hồ sơ công ty đại chúng,in_scope,,,,approved,none,none,none,no,1,0
BRD-SRC-IDS-company_securities_issuance,IDS,company_securities_issuance,UID-02 Hoạt động kinh doanh / Corporate Actions của CTĐC,in_scope,,,,approved,none,none,none,no,1,0
BRD-SRC-IDS-company_tender_offer,IDS,company_tender_offer,UID-02 Hoạt động kinh doanh / Corporate Actions của CTĐC,in_scope,,,,approved,none,none,none,no,1,0
BRD-SRC-IDS-company_treasury_stocks,IDS,company_treasury_stocks,UID-02 Hoạt động kinh doanh / Corporate Actions của CTĐC,in_scope,,,,approved,none,none,none,no,1,0
BRD-SRC-IDS-countries,IDS,countries,UID-09 Quản trị hệ thống và danh mục dùng chung,out_of_scope,Reference data — map vào shared Geographic Area (COUNTRY),,,none,none,none,none,no,0,0
BRD-SRC-IDS-data,IDS,data,UID-05/06 Công bố thông tin và báo cáo tài chính,in_scope,,,,approved,none,none,none,no,1,0
BRD-SRC-IDS-data_values,IDS,data_values,UID-05 Công bố thông tin và thông báo,out_of_scope,"Field-level data động — cần map cả field_id + form_field_id, chưa có Gold requirement",,,none,none,none,none,no,0,0
BRD-SRC-IDS-fields,IDS,fields,UID-05 Công bố thông tin và thông báo,out_of_scope,Field definition metadata — denormalized vào data_values khi anchor khôi phục,,,none,none,none,none,no,0,0
BRD-SRC-IDS-foreign_owner_limit,IDS,foreign_owner_limit,UID-01 Quản lý hồ sơ công ty đại chúng,in_scope,,,,approved,none,none,none,no,1,0
BRD-SRC-IDS-form_fields,IDS,form_fields,UID-05 Công bố thông tin và thông báo,out_of_scope,Field definition metadata — denormalized vào data_values,,,none,none,none,none,no,0,0
BRD-SRC-IDS-forms,IDS,forms,UID-05 Công bố thông tin và thông báo,in_scope,,,,approved,none,none,none,no,1,0
BRD-SRC-IDS-holder_relationship,IDS,holder_relationship,UID-04 Quản lý cổ đông giao dịch,in_scope,,,,approved,none,none,none,no,1,0
BRD-SRC-IDS-identity,IDS,identity,UID-04 Quản lý cổ đông giao dịch,in_scope,,,,approved,none,none,none,no,1,0
BRD-SRC-IDS-legal_representative,IDS,legal_representative,UID-01 Quản lý hồ sơ công ty đại chúng,in_scope,,,,approved,none,none,none,no,3,0
BRD-SRC-IDS-logins,IDS,logins,UID-09 Quản trị hệ thống và danh mục dùng chung,out_of_scope,Bảng hệ thống — không có giá trị nghiệp vụ Atomic,,,none,none,none,none,no,0,0
BRD-SRC-IDS-lookup_values,IDS,lookup_values,UID-09 Quản trị hệ thống và danh mục dùng chung,in_scope,,,,none,none,none,none,no,0,0
BRD-SRC-IDS-noti_config,IDS,noti_config,UID-05 Công bố thông tin và thông báo,in_scope,,,,approved,none,none,none,no,1,0
BRD-SRC-IDS-notifications,IDS,notifications,UID-05 Công bố thông tin và thông báo,in_scope,,,,approved,none,none,none,no,1,0
BRD-SRC-IDS-positions,IDS,positions,UID-04 Quản lý cổ đông giao dịch,out_of_scope,Chờ thiết kế — bảng chức vụ cổ đông không có trong HLD hiện tại,,,none,none,none,none,no,0,0
BRD-SRC-IDS-provinces,IDS,provinces,UID-09 Quản trị hệ thống và danh mục dùng chung,out_of_scope,Reference data — map vào shared Geographic Area (PROVINCE),,,none,none,none,none,no,0,0
BRD-SRC-IDS-rcol,IDS,rcol,UID-06 Báo cáo tài chính và báo cáo định kỳ,in_scope,,,,approved,none,none,none,no,1,0
BRD-SRC-IDS-rep_column,IDS,rep_column,UID-06 Báo cáo tài chính và báo cáo định kỳ,in_scope,,,,approved,none,none,none,no,1,0
BRD-SRC-IDS-rep_forms,IDS,rep_forms,UID-06 Báo cáo tài chính và báo cáo định kỳ,in_scope,,,,approved,none,none,none,no,1,0
BRD-SRC-IDS-rep_row,IDS,rep_row,UID-06 Báo cáo tài chính và báo cáo định kỳ,in_scope,,,,approved,none,none,none,no,1,0
BRD-SRC-IDS-report_approval,IDS,report_approval,UID-05 Công bố thông tin và thông báo,out_of_scope,Quy trình nội bộ hệ thống,,,none,none,none,none,no,0,0
BRD-SRC-IDS-report_catalog,IDS,report_catalog,UID-06 Báo cáo tài chính và báo cáo định kỳ,in_scope,,,,approved,none,none,none,no,1,0
BRD-SRC-IDS-report_catalog_extra,IDS,report_catalog_extra,UID-05 Công bố thông tin và thông báo,out_of_scope,Pure junction table — không có business attribute,,,none,none,none,none,no,0,0
BRD-SRC-IDS-report_extensions,IDS,report_extensions,UID-05 Công bố thông tin và thông báo,out_of_scope,Quy trình nội bộ hệ thống,,,none,none,none,none,no,0,0
BRD-SRC-IDS-rrow,IDS,rrow,UID-06 Báo cáo tài chính và báo cáo định kỳ,in_scope,,,,approved,none,none,none,no,1,0
BRD-SRC-IDS-state_capital,IDS,state_capital,UID-01 Quản lý hồ sơ công ty đại chúng,in_scope,,,,approved,none,none,none,no,1,0
BRD-SRC-IDS-stock_controls,IDS,stock_controls,UID-04 Quản lý cổ đông giao dịch,in_scope,,,,approved,none,none,none,no,1,0
BRD-SRC-IDS-stock_holders,IDS,stock_holders,UID-04 Quản lý cổ đông giao dịch,in_scope,,,,approved,none,none,none,no,3,0
BRD-SRC-IDS-stockholder_history,IDS,stockholder_history,UID-08 Lịch sử thay đổi (SCD2 kỹ thuật),out_of_scope,Bảng lịch sử kỹ thuật — SCD2 Atomic tự track,,,none,none,none,none,no,0,0
BRD-SRC-IDS-user_audit_log,IDS,user_audit_log,UID-09 Quản trị hệ thống và danh mục dùng chung,out_of_scope,Operational log — out-of-scope,,,none,none,none,none,no,0,0
BRD-SRC-MDDS-CSIDXInfor,MDDS,CSIDXInfor,UID-01 Thị trường và chỉ số tổng hợp,in_scope,,,,approved,none,none,none,no,1,0
BRD-SRC-MDDS-CorpBondInfor,MDDS,CorpBondInfor,UID-03 Trái phiếu doanh nghiệp,in_scope,,,,approved,none,none,none,no,1,0
BRD-SRC-MDDS-CorpBondMatch,MDDS,CorpBondMatch,UID-03 Trái phiếu doanh nghiệp,in_scope,,,,draft,none,none,none,no,1,0
BRD-SRC-MDDS-IDXInfor,MDDS,IDXInfor,UID-01 Thị trường và chỉ số tổng hợp,in_scope,,,,approved,none,none,none,no,1,0
BRD-SRC-MDDS-MarketInfor,MDDS,MarketInfor,UID-01 Thị trường và chỉ số tổng hợp,in_scope,,,,approved,none,none,none,no,1,0
BRD-SRC-MDDS-StockInfor,MDDS,StockInfor,UID-02 Bảng giá chứng khoán và khớp lệnh,in_scope,,,,approved,none,none,none,no,1,0
BRD-SRC-MDDS-TransLog,MDDS,TransLog,UID-02 Bảng giá chứng khoán và khớp lệnh,in_scope,,,,approved,none,none,none,no,1,0
BRD-SRC-NHNCK-ActionLogs,NHNCK,ActionLogs,UID01 Quản trị phân hệ,out_of_scope,System audit log,,,approved,none,none,none,no,1,0
BRD-SRC-NHNCK-ApplicationDocuments,NHNCK,ApplicationDocuments,UID03 Quản lý hồ sơ,in_scope,,,,approved,none,none,none,no,1,0
BRD-SRC-NHNCK-ApplicationFees,NHNCK,ApplicationFees,UID03 Quản lý hồ sơ,in_scope,,,,approved,none,none,none,no,1,0
BRD-SRC-NHNCK-ApplicationSources,NHNCK,ApplicationSources,UID02 Quản lý danh mục dùng riêng,in_scope,,,,none,none,none,none,no,0,0
BRD-SRC-NHNCK-ApplicationSpecializations,NHNCK,ApplicationSpecializations,UID03 Quản lý hồ sơ,in_scope,,,,approved,none,none,none,no,1,0
BRD-SRC-NHNCK-ApplicationStatuses,NHNCK,ApplicationStatuses,UID02 Quản lý danh mục dùng riêng,in_scope,,,,none,none,none,none,no,0,0
BRD-SRC-NHNCK-Applications,NHNCK,Applications,UID03 Quản lý hồ sơ,in_scope,,,,approved,none,none,none,no,1,0
BRD-SRC-NHNCK-CertificateDepartments,NHNCK,CertificateDepartments,UID02 Quản lý danh mục dùng riêng,out_of_scope,Application config,,,none,none,none,none,no,0,0
BRD-SRC-NHNCK-CertificateDocuments,NHNCK,CertificateDocuments,UID02 Quản lý danh mục dùng riêng,out_of_scope,Application config,,,none,none,none,none,no,0,0
BRD-SRC-NHNCK-CertificateNumberTemplates,NHNCK,CertificateNumberTemplates,UID02 Quản lý danh mục dùng riêng,out_of_scope,Config/template data,,,none,none,none,none,no,0,0
BRD-SRC-NHNCK-CertificateRecordGroupMembers,NHNCK,CertificateRecordGroupMembers,UID05 Quản lý chứng chỉ hành nghề,in_scope,,,,approved,none,none,none,no,1,0
BRD-SRC-NHNCK-CertificateRecordGroups,NHNCK,CertificateRecordGroups,UID05 Quản lý chứng chỉ hành nghề,in_scope,,,,approved,none,none,none,no,1,0
BRD-SRC-NHNCK-CertificateRecordLogs,NHNCK,CertificateRecordLogs,UID05 Quản lý chứng chỉ hành nghề,in_scope,,,,approved,none,none,none,no,1,0
BRD-SRC-NHNCK-CertificateRecordStatusHistories,NHNCK,CertificateRecordStatusHistories,UID05 Quản lý chứng chỉ hành nghề,in_scope,,,,approved,none,none,none,no,1,0
BRD-SRC-NHNCK-CertificateRecords,NHNCK,CertificateRecords,UID05 Quản lý chứng chỉ hành nghề,in_scope,,,,approved,none,none,none,no,1,0
BRD-SRC-NHNCK-CertificateSpecializations,NHNCK,CertificateSpecializations,UID02 Quản lý danh mục dùng riêng,out_of_scope,Application config,,,none,none,none,none,no,0,0
BRD-SRC-NHNCK-Certificates,NHNCK,Certificates,UID02 Quản lý danh mục dùng riêng,in_scope,,,,none,none,none,none,no,0,0
BRD-SRC-NHNCK-Decisions,NHNCK,Decisions,UID02 Quản lý danh mục dùng riêng,in_scope,,,,approved,none,none,none,no,1,0
BRD-SRC-NHNCK-DepartmentAccess,NHNCK,DepartmentAccess,UID01 Quản trị phân hệ,out_of_scope,Operational/system data,,,none,none,none,none,no,0,0
BRD-SRC-NHNCK-Departments,NHNCK,Departments,UID01 Quản trị phân hệ,in_scope,,,,approved,none,none,none,no,1,0
BRD-SRC-NHNCK-DigitalCertificateUsers,NHNCK,DigitalCertificateUsers,UID01 Quản trị phân hệ,out_of_scope,Operational/PKI data,,,none,none,none,none,no,0,0
BRD-SRC-NHNCK-DigitalCertificates,NHNCK,DigitalCertificates,UID01 Quản trị phân hệ,out_of_scope,Operational/PKI data,,,none,none,none,none,no,0,0
BRD-SRC-NHNCK-Documents,NHNCK,Documents,UID02 Quản lý danh mục dùng riêng,in_scope,,,,none,none,none,none,no,0,0
BRD-SRC-NHNCK-EducationLevels,NHNCK,EducationLevels,UID02 Quản lý danh mục dùng riêng,in_scope,,,,none,none,none,none,no,0,0
BRD-SRC-NHNCK-ExamDetails,NHNCK,ExamDetails,UID04 Quản lý thi sát hạch,in_scope,,,,approved,none,none,none,no,1,0
BRD-SRC-NHNCK-ExamSessionFees,NHNCK,ExamSessionFees,UID04 Quản lý thi sát hạch,in_scope,,,,approved,none,none,none,no,1,0
BRD-SRC-NHNCK-ExamSessions,NHNCK,ExamSessions,UID04 Quản lý thi sát hạch,in_scope,,,,approved,none,none,none,no,1,0
BRD-SRC-NHNCK-IdentityInfoC06s,NHNCK,IdentityInfoC06s,UID03 Quản lý hồ sơ,in_scope,,,,approved,none,none,none,no,1,0
BRD-SRC-NHNCK-OrganizationReports,NHNCK,OrganizationReports,UID06 Quản lý người hành nghề chứng khoán,in_scope,,,,approved,none,none,none,no,1,0
BRD-SRC-NHNCK-Organizations,NHNCK,Organizations,UID02 Quản lý danh mục dùng riêng,in_scope,,,,approved,none,none,none,no,4,0
BRD-SRC-NHNCK-PermissionRoles,NHNCK,PermissionRoles,UID01 Quản trị phân hệ,out_of_scope,Operational/system data,,,none,none,none,none,no,0,0
BRD-SRC-NHNCK-Positions,NHNCK,Positions,UID01 Quản trị phân hệ,in_scope,,,,none,none,none,none,no,0,0
BRD-SRC-NHNCK-ProfessionalHistories,NHNCK,ProfessionalHistories,UID06 Quản lý người hành nghề chứng khoán,in_scope,,,,none,none,none,none,no,0,0
BRD-SRC-NHNCK-ProfessionalRelationships,NHNCK,ProfessionalRelationships,UID06 Quản lý người hành nghề chứng khoán,in_scope,,,,approved,none,none,none,no,1,0
BRD-SRC-NHNCK-ProfessionalWorkHistories,NHNCK,ProfessionalWorkHistories,UID06 Quản lý người hành nghề chứng khoán,in_scope,,,,none,none,none,none,no,0,0
BRD-SRC-NHNCK-Professionals,NHNCK,Professionals,UID06 Quản lý người hành nghề chứng khoán,in_scope,,,,approved,none,none,none,no,4,0
BRD-SRC-NHNCK-SpecializationCourseDetails,NHNCK,SpecializationCourseDetails,UID04/UID10 Quản lý thi sát hạch và đào tạo tập huấn,in_scope,,,,approved,none,none,none,no,1,0
BRD-SRC-NHNCK-SpecializationCourses,NHNCK,SpecializationCourses,UID04/UID10 Quản lý thi sát hạch và đào tạo tập huấn,in_scope,,,,approved,none,none,none,no,1,0
BRD-SRC-NHNCK-Specializations,NHNCK,Specializations,UID02 Quản lý danh mục dùng riêng,in_scope,,,,none,none,none,none,no,0,0
BRD-SRC-NHNCK-SystemParameters,NHNCK,SystemParameters,UID01 Quản trị phân hệ,out_of_scope,Config data,,,none,none,none,none,no,0,0
BRD-SRC-NHNCK-Units,NHNCK,Units,UID01 Quản trị phân hệ,in_scope,,,,approved,none,none,none,no,1,0
BRD-SRC-NHNCK-Users,NHNCK,Users,UID01 Quản trị phân hệ,in_scope,,,,none,none,none,none,no,0,0
BRD-SRC-NHNCK-VerifyApplicationStatuses,NHNCK,VerifyApplicationStatuses,UID03 Quản lý hồ sơ,in_scope,,,,approved,none,none,none,no,1,0
BRD-SRC-NHNCK-Violations,NHNCK,Violations,UID06 Quản lý người hành nghề chứng khoán,in_scope,,,,approved,none,none,none,no,1,0
BRD-SRC-OrderTrade-Order_HNX,OrderTrade,Order_HNX,UID-01 Lệnh giao dịch (Order Lifecycle),in_scope,,,,approved,none,none,none,no,1,0
BRD-SRC-OrderTrade-Order_HOSE,OrderTrade,Order_HOSE,UID-01 Lệnh giao dịch (Order Lifecycle),in_scope,,,,approved,none,none,none,no,1,0
BRD-SRC-OrderTrade-Trade_HNX,OrderTrade,Trade_HNX,UID-02 Khớp lệnh (Trade Execution),in_scope,,,,approved,none,none,none,no,1,0
BRD-SRC-OrderTrade-Trade_HOSE,OrderTrade,Trade_HOSE,UID-02 Khớp lệnh (Trade Execution),in_scope,,,,approved,none,none,none,no,1,0
BRD-SRC-QLRR-permission_group,QLRR,permission_group,QLRR006 Khai thác Phân quyền dữ liệu,out_of_scope,Operational/system data — phân quyền tầng ứng dụng,,,none,none,none,none,no,0,0
BRD-SRC-QLRR-permission_group_indicator,QLRR,permission_group_indicator,QLRR006 Khai thác Phân quyền dữ liệu,out_of_scope,Operational/system data — phân quyền tầng ứng dụng,,,none,none,none,none,no,0,0
BRD-SRC-QLRR-permission_group_user,QLRR,permission_group_user,QLRR006 Khai thác Phân quyền dữ liệu,out_of_scope,Operational/system data — phân quyền tầng ứng dụng,,,none,none,none,none,no,0,0
BRD-SRC-QLRR-risk_alert,QLRR,risk_alert,QLRR005 Quản lý Cảnh báo,in_scope,,,,approved,none,none,none,no,1,0
BRD-SRC-QLRR-risk_alert_config,QLRR,risk_alert_config,QLRR005 Quản lý Cảnh báo,in_scope,,,,approved,none,none,none,no,1,0
BRD-SRC-QLRR-risk_alert_history,QLRR,risk_alert_history,QLRR005 Quản lý Cảnh báo,in_scope,,,,approved,none,none,none,no,1,0
BRD-SRC-QLRR-risk_alert_resolution,QLRR,risk_alert_resolution,QLRR005 Quản lý Cảnh báo,in_scope,,,,approved,none,none,none,no,1,0
BRD-SRC-QLRR-risk_alert_resolution_file,QLRR,risk_alert_resolution_file,QLRR005 Quản lý Cảnh báo,in_scope,,,,approved,none,none,none,no,1,0
BRD-SRC-QLRR-risk_indicator,QLRR,risk_indicator,QLRR001/003/004 Khai thác Dashboard và Chỉ tiêu tài chính,in_scope,,,,approved,none,none,none,no,1,0
BRD-SRC-QLRR-risk_indicator_category,QLRR,risk_indicator_category,QLRR001/003/004 Khai thác Dashboard và Chỉ tiêu tài chính,in_scope,,,,approved,none,none,none,no,1,0
BRD-SRC-QLRR-risk_indicator_custom,QLRR,risk_indicator_custom,QLRR003/004 Khai thác Chỉ tiêu tài chính,in_scope,,,,approved,none,none,none,no,1,0
BRD-SRC-QLRR-risk_indicator_schedule,QLRR,risk_indicator_schedule,QLRR007 Quản lý tích hợp,in_scope,,,,approved,none,none,none,no,1,0
BRD-SRC-QLRR-risk_indicator_value,QLRR,risk_indicator_value,QLRR001/003/004 Khai thác Dashboard và Chỉ tiêu tài chính,in_scope,,,,approved,none,none,none,no,1,0
BRD-SRC-QLRR-risk_indicator_value_history,QLRR,risk_indicator_value_history,QLRR001/003/004 Khai thác Dashboard và Chỉ tiêu tài chính,in_scope,,,,approved,none,none,none,no,1,0
BRD-SRC-QLRR-risk_notification,QLRR,risk_notification,QLRR005 Quản lý Cảnh báo,in_scope,,,,approved,none,none,none,no,1,0
BRD-SRC-QLRR-risk_report_file,QLRR,risk_report_file,QLRR002 Khai thác Báo cáo,in_scope,,,,approved,none,none,none,no,1,0
BRD-SRC-QLRR-risk_report_placeholder_config,QLRR,risk_report_placeholder_config,QLRR002 Khai thác Báo cáo,out_of_scope,Config kỹ thuật — operational/system data,,,none,none,none,none,no,0,0
BRD-SRC-QLRR-risk_report_type,QLRR,risk_report_type,QLRR002 Khai thác Báo cáo,in_scope,,,,approved,none,none,none,no,1,0
BRD-SRC-QLRR-risk_report_upload_batch,QLRR,risk_report_upload_batch,QLRR002 Khai thác Báo cáo,in_scope,,,,approved,none,none,none,no,1,0
BRD-SRC-SCMS-BC_BAO_CAO_GT,SCMS,BC_BAO_CAO_GT,SCMS_UID01/02/03/04 Khai thác báo cáo đầu vào,in_scope,,,,approved,none,none,none,no,1,0
BRD-SRC-SCMS-BC_CANH_BAO,SCMS,BC_CANH_BAO,SCMS_UID06 Cảnh báo vi phạm,out_of_scope,Chờ thiết kế — kết quả thực tế cần lên Atomic (xem HLD 7e #1),,,none,none,none,none,no,0,0
BRD-SRC-SCMS-BC_GT_DTL,SCMS,BC_GT_DTL,SCMS_UID01 Khai thác báo cáo đầu vào CTCK,out_of_scope,Draft data,,,none,none,none,none,no,0,0
BRD-SRC-SCMS-BC_GT_HDR,SCMS,BC_GT_HDR,SCMS_UID01 Khai thác báo cáo đầu vào CTCK,out_of_scope,Draft data,,,none,none,none,none,no,0,0
BRD-SRC-SCMS-BC_KHAI_THAC,SCMS,BC_KHAI_THAC,SCMS_UID01 Khai thác báo cáo đầu ra CTCK,out_of_scope,Gold/intermediate — kết quả tổng hợp,,,none,none,none,none,no,0,0
BRD-SRC-SCMS-BC_KHAI_THAC_GT,SCMS,BC_KHAI_THAC_GT,SCMS_UID01 Khai thác báo cáo đầu ra CTCK,out_of_scope,Gold/intermediate — kết quả tổng hợp,,,none,none,none,none,no,0,0
BRD-SRC-SCMS-BC_THANH_VIEN,SCMS,BC_THANH_VIEN,SCMS_UID01/02/03/04 Khai thác báo cáo đầu vào,in_scope,,,,approved,none,none,none,no,1,0
BRD-SRC-SCMS-BC_THANH_VIEN_LS,SCMS,BC_THANH_VIEN_LS,SCMS_UID01 Khai thác báo cáo đầu vào CTCK,out_of_scope,Audit Log nguồn,,,none,none,none,none,no,0,0
BRD-SRC-SCMS-BC_THANH_VIEN_XU_LY,SCMS,BC_THANH_VIEN_XU_LY,SCMS_UID01 Khai thác báo cáo đầu vào CTCK,out_of_scope,Operational/system data,,,none,none,none,none,no,0,0
BRD-SRC-SCMS-BC_VI_PHAM,SCMS,BC_VI_PHAM,SCMS_UID01/04 Khai thác báo cáo đầu vào,in_scope,,,,approved,none,none,none,no,1,0
BRD-SRC-SCMS-BC_VI_PHAM_LOAI_VP,SCMS,BC_VI_PHAM_LOAI_VP,SCMS_UID01 Khai thác báo cáo đầu vào CTCK,in_scope,,,,none,none,none,none,no,0,0
BRD-SRC-SCMS-BM_BAO_CAO,SCMS,BM_BAO_CAO,SCMS_UID08 Quản trị phân hệ,in_scope,,,,approved,none,none,none,no,1,0
BRD-SRC-SCMS-BM_BAO_CAO_COT,SCMS,BM_BAO_CAO_COT,SCMS_UID08 Quản trị phân hệ,in_scope,,,,none,none,none,none,no,0,0
BRD-SRC-SCMS-BM_BAO_CAO_CT,SCMS,BM_BAO_CAO_CT,SCMS_UID08 Quản trị phân hệ,in_scope,,,,none,none,none,none,no,0,0
BRD-SRC-SCMS-BM_BAO_CAO_DINH_KY,SCMS,BM_BAO_CAO_DINH_KY,SCMS_UID08 Quản trị phân hệ,in_scope,,,,approved,none,none,none,no,1,0
BRD-SRC-SCMS-BM_BAO_CAO_DINH_KY_DON_VI,SCMS,BM_BAO_CAO_DINH_KY_DON_VI,SCMS_UID08 Quản trị phân hệ,in_scope,,,,approved,none,none,none,no,1,0
BRD-SRC-SCMS-BM_BAO_CAO_HANG,SCMS,BM_BAO_CAO_HANG,SCMS_UID08 Quản trị phân hệ,in_scope,,,,none,none,none,none,no,0,0
BRD-SRC-SCMS-BM_BAO_CAO_LS,SCMS,BM_BAO_CAO_LS,SCMS_UID08 Quản trị phân hệ,out_of_scope,Audit Log nguồn,,,none,none,none,none,no,0,0
BRD-SRC-SCMS-BM_BAO_CAO_TV,SCMS,BM_BAO_CAO_TV,SCMS_UID08 Quản trị phân hệ,in_scope,,,,none,none,none,none,no,0,0
BRD-SRC-SCMS-BM_SHEET,SCMS,BM_SHEET,SCMS_UID08 Quản trị phân hệ,in_scope,,,,none,none,none,none,no,0,0
BRD-SRC-SCMS-BM_TIEUDE_HANG,SCMS,BM_TIEUDE_HANG,SCMS_UID08 Quản trị phân hệ,out_of_scope,UI metadata,,,none,none,none,none,no,0,0
BRD-SRC-SCMS-BM_TIEUDE_HANG_COT,SCMS,BM_TIEUDE_HANG_COT,SCMS_UID08 Quản trị phân hệ,out_of_scope,UI metadata,,,none,none,none,none,no,0,0
BRD-SRC-SCMS-CBTT_BAO_CAO,SCMS,CBTT_BAO_CAO,SCMS_UID01/02 Khai thác thông tin công bố,in_scope,,,,approved,none,none,none,no,1,0
BRD-SRC-SCMS-CBTT_CHAO_BAN_CHUNG_KHOAN,SCMS,CBTT_CHAO_BAN_CHUNG_KHOAN,SCMS_UID01 Khai thác thông tin công bố CTCK,in_scope,,,,approved,none,none,none,no,1,0
BRD-SRC-SCMS-CBTT_CO_DONG,SCMS,CBTT_CO_DONG,SCMS_UID01 Khai thác thông tin công bố CTCK,in_scope,,,,approved,none,none,none,no,1,0
BRD-SRC-SCMS-CHUNG_THU_SO,SCMS,CHUNG_THU_SO,SCMS_UID01 Quản lý CTCK,out_of_scope,Operational/system data,,,none,none,none,none,no,0,0
BRD-SRC-SCMS-CTCK_CD_CHUYEN_NHUONG,SCMS,CTCK_CD_CHUYEN_NHUONG,SCMS_UID01 Quản lý CTCK,in_scope,,,,approved,none,none,none,no,1,0
BRD-SRC-SCMS-CTCK_CD_DAI_DIEN,SCMS,CTCK_CD_DAI_DIEN,SCMS_UID01 Quản lý CTCK,in_scope,,,,approved,none,none,none,no,2,0
BRD-SRC-SCMS-CTCK_CD_MOI_QUAN_HE,SCMS,CTCK_CD_MOI_QUAN_HE,SCMS_UID01 Quản lý CTCK,in_scope,,,,approved,none,none,none,no,2,0
BRD-SRC-SCMS-CTCK_CHI_NHANH,SCMS,CTCK_CHI_NHANH,SCMS_UID01 Quản lý CTCK,in_scope,,,,approved,none,none,none,no,3,0
BRD-SRC-SCMS-CTCK_CO_DONG,SCMS,CTCK_CO_DONG,SCMS_UID01 Quản lý CTCK,in_scope,,,,approved,none,none,none,no,3,0
BRD-SRC-SCMS-CTCK_DICH_VU,SCMS,CTCK_DICH_VU,SCMS_UID01 Quản lý CTCK,in_scope,,,,approved,none,none,none,no,1,0
BRD-SRC-SCMS-CTCK_HS_LICH_SU,SCMS,CTCK_HS_LICH_SU,SCMS_UID01 Quản lý CTCK,out_of_scope,Audit Log nguồn,,,none,none,none,none,no,0,0
BRD-SRC-SCMS-CTCK_LICH_SU_XOA,SCMS,CTCK_LICH_SU_XOA,SCMS_UID01 Quản lý CTCK,out_of_scope,Audit Log nguồn,,,none,none,none,none,no,0,0
BRD-SRC-SCMS-CTCK_NGUOI_HANH_NGHE_CK,SCMS,CTCK_NGUOI_HANH_NGHE_CK,SCMS_UID01 Quản lý CTCK,in_scope,,,,approved,none,none,none,no,2,0
BRD-SRC-SCMS-CTCK_NHAN_SU_CAO_CAP,SCMS,CTCK_NHAN_SU_CAO_CAP,SCMS_UID01 Quản lý CTCK,in_scope,,,,approved,none,none,none,no,4,0
BRD-SRC-SCMS-CTCK_PHONG_GIAO_DICH,SCMS,CTCK_PHONG_GIAO_DICH,SCMS_UID01 Quản lý CTCK,in_scope,,,,approved,none,none,none,no,3,0
BRD-SRC-SCMS-CTCK_THONG_TIN,SCMS,CTCK_THONG_TIN,SCMS_UID01 Quản lý CTCK,in_scope,,,,approved,none,none,none,no,4,0
BRD-SRC-SCMS-CTCK_VP_DAI_DIEN,SCMS,CTCK_VP_DAI_DIEN,SCMS_UID01 Quản lý CTCK,in_scope,,,,approved,none,none,none,no,3,0
BRD-SRC-SCMS-CTCK_VP_DAI_DIEN_NN,SCMS,CTCK_VP_DAI_DIEN_NN,SCMS_UID03 Quản lý VPDD CTCK nước ngoài tại VN,in_scope,,,,approved,none,none,none,no,1,0
BRD-SRC-SCMS-CTCK_XU_LY_HANH_CHINH,SCMS,CTCK_XU_LY_HANH_CHINH,SCMS_UID01 Quản lý CTCK,in_scope,,,,approved,none,none,none,no,1,0
BRD-SRC-SCMS-CT_KIEM_TOAN,SCMS,CT_KIEM_TOAN,SCMS_UID05 Khai thác công ty kiểm toán và kiểm toán viên,in_scope,,,,approved,none,none,none,no,4,0
BRD-SRC-SCMS-CT_KIEM_TOAN_VIEN,SCMS,CT_KIEM_TOAN_VIEN,SCMS_UID05 Khai thác công ty kiểm toán và kiểm toán viên,in_scope,,,,approved,none,none,none,no,2,0
BRD-SRC-SCMS-DM_CANH_BAO,SCMS,DM_CANH_BAO,SCMS_UID06 Cảnh báo vi phạm,in_scope,,,,none,none,none,none,no,0,0
BRD-SRC-SCMS-DM_CHI_TIEU,SCMS,DM_CHI_TIEU,SCMS_UID06 Cảnh báo vi phạm,in_scope,,,,none,none,none,none,no,0,0
BRD-SRC-SCMS-DM_CHI_TIEU_DM,SCMS,DM_CHI_TIEU_DM,SCMS_UID06 Cảnh báo vi phạm,in_scope,,,,none,none,none,none,no,0,0
BRD-SRC-SCMS-DM_CHI_TIEU_THONG_KE,SCMS,DM_CHI_TIEU_THONG_KE,Danh mục dùng chung,out_of_scope,Metadata ETL,,,none,none,none,none,no,0,0
BRD-SRC-SCMS-DM_CHUC_VU,SCMS,DM_CHUC_VU,Danh mục dùng chung,in_scope,,,,none,none,none,none,no,0,0
BRD-SRC-SCMS-DM_DICH_VU,SCMS,DM_DICH_VU,Danh mục dùng chung,in_scope,,,,none,none,none,none,no,0,0
BRD-SRC-SCMS-DM_LOAI_CONG_TY,SCMS,DM_LOAI_CONG_TY,Danh mục dùng chung,in_scope,,,,none,none,none,none,no,0,0
BRD-SRC-SCMS-DM_LOAI_GIAO_DICH_CD,SCMS,DM_LOAI_GIAO_DICH_CD,Danh mục dùng chung,in_scope,,,,none,none,none,none,no,0,0
BRD-SRC-SCMS-DM_LOAI_VI_PHAM,SCMS,DM_LOAI_VI_PHAM,Danh mục dùng chung,in_scope,,,,none,none,none,none,no,0,0
BRD-SRC-SCMS-DM_MOI_QUAN_HE,SCMS,DM_MOI_QUAN_HE,Danh mục dùng chung,in_scope,,,,none,none,none,none,no,0,0
BRD-SRC-SCMS-DM_NGANH_NGHE_KD,SCMS,DM_NGANH_NGHE_KD,Danh mục dùng chung,in_scope,,,,none,none,none,none,no,0,0
BRD-SRC-SCMS-DM_QUOC_TICH,SCMS,DM_QUOC_TICH,Danh mục dùng chung,in_scope,,,,approved,none,none,none,no,1,0
BRD-SRC-SCMS-DM_SU_VU,SCMS,DM_SU_VU,Danh mục dùng chung,in_scope,,,,none,none,none,none,no,0,0
BRD-SRC-SCMS-DM_THONG_KE,SCMS,DM_THONG_KE,Danh mục dùng chung,in_scope,,,,none,none,none,none,no,0,0
BRD-SRC-SCMS-DM_TINH_THANH,SCMS,DM_TINH_THANH,Danh mục dùng chung,in_scope,,,,approved,none,none,none,no,1,0
BRD-SRC-SCMS-DM_TRANG_THAI_CTCK,SCMS,DM_TRANG_THAI_CTCK,Danh mục dùng chung,in_scope,,,,none,none,none,none,no,0,0
BRD-SRC-SCMS-LK_CHUC_NANG_NGUOI,SCMS,LK_CHUC_NANG_NGUOI,SCMS_UID08 Quản trị phân hệ,out_of_scope,Operational/system data,,,none,none,none,none,no,0,0
BRD-SRC-SCMS-LK_CHUC_NANG_NHOM_NGUOI,SCMS,LK_CHUC_NANG_NHOM_NGUOI,SCMS_UID08 Quản trị phân hệ,out_of_scope,Operational/system data,,,none,none,none,none,no,0,0
BRD-SRC-SCMS-LK_CTCK_NGANH_NGHE_KD,SCMS,LK_CTCK_NGANH_NGHE_KD,SCMS_UID01 Quản lý CTCK,in_scope,,,,none,none,none,none,no,0,0
BRD-SRC-SCMS-LK_NGUOI_DUNG_BAO_CAO,SCMS,LK_NGUOI_DUNG_BAO_CAO,SCMS_UID08 Quản trị phân hệ,out_of_scope,Operational/system data,,,none,none,none,none,no,0,0
BRD-SRC-SCMS-LK_NGUOI_DUNG_CTCK,SCMS,LK_NGUOI_DUNG_CTCK,SCMS_UID08 Quản trị phân hệ,out_of_scope,Operational/system data,,,none,none,none,none,no,0,0
BRD-SRC-SCMS-LK_NGUOI_DUNG_NHOM,SCMS,LK_NGUOI_DUNG_NHOM,SCMS_UID08 Quản trị phân hệ,out_of_scope,Operational/system data,,,none,none,none,none,no,0,0
BRD-SRC-SCMS-QT_CHUC_NANG,SCMS,QT_CHUC_NANG,SCMS_UID08 Quản trị phân hệ,out_of_scope,Operational/system data,,,none,none,none,none,no,0,0
BRD-SRC-SCMS-QT_LICH_HE_THONG,SCMS,QT_LICH_HE_THONG,SCMS_UID07 Tiện ích và trợ giúp,out_of_scope,Operational/system data,,,none,none,none,none,no,0,0
BRD-SRC-SCMS-QT_LOG_HE_THONG,SCMS,QT_LOG_HE_THONG,SCMS_UID07 Tiện ích và trợ giúp,out_of_scope,Operational/system data,,,none,none,none,none,no,0,0
BRD-SRC-SCMS-QT_NGUOI_DUNG,SCMS,QT_NGUOI_DUNG,SCMS_UID08 Quản trị phân hệ,out_of_scope,Operational/system data,,,none,none,none,none,no,0,0
BRD-SRC-SCMS-QT_NGUOI_DUNG_IP,SCMS,QT_NGUOI_DUNG_IP,SCMS_UID08 Quản trị phân hệ,out_of_scope,Operational/system data,,,none,none,none,none,no,0,0
BRD-SRC-SCMS-QT_NHOM_NGUOI_DUNG,SCMS,QT_NHOM_NGUOI_DUNG,SCMS_UID08 Quản trị phân hệ,out_of_scope,Operational/system data,,,none,none,none,none,no,0,0
BRD-SRC-SCMS-QT_THAM_SO_HE_THONG,SCMS,QT_THAM_SO_HE_THONG,SCMS_UID08 Quản trị phân hệ,out_of_scope,Operational/system data,,,none,none,none,none,no,0,0
BRD-SRC-ThanhTra-DM_BIEU_MAU,ThanhTra,DM_BIEU_MAU,Phụ lục — Danh mục dùng chung,in_scope,,,,none,none,none,none,no,0,0
BRD-SRC-ThanhTra-DM_CAN_BO,ThanhTra,DM_CAN_BO,Phụ lục — Danh mục đối tượng thanh tra,in_scope,,,,approved,none,none,none,no,3,0
BRD-SRC-ThanhTra-DM_CAN_CU_THANH_TRA,ThanhTra,DM_CAN_CU_THANH_TRA,Phụ lục — Danh mục dùng chung,in_scope,,,,none,none,none,none,no,0,0
BRD-SRC-ThanhTra-DM_CHUC_VU,ThanhTra,DM_CHUC_VU,Phụ lục — Danh mục dùng chung,in_scope,,,,none,none,none,none,no,0,0
BRD-SRC-ThanhTra-DM_CONG_TY_CK,ThanhTra,DM_CONG_TY_CK,Phụ lục — Danh mục đối tượng thanh tra,in_scope,,,,approved,none,none,none,no,3,0
BRD-SRC-ThanhTra-DM_CONG_TY_DC,ThanhTra,DM_CONG_TY_DC,Phụ lục — Danh mục đối tượng thanh tra,in_scope,,,,approved,none,none,none,no,3,0
BRD-SRC-ThanhTra-DM_CONG_TY_QLQ,ThanhTra,DM_CONG_TY_QLQ,Phụ lục — Danh mục đối tượng thanh tra,in_scope,,,,approved,none,none,none,no,3,0
BRD-SRC-ThanhTra-DM_DANH_MUC_KHAC,ThanhTra,DM_DANH_MUC_KHAC,Phụ lục — Danh mục dùng chung,in_scope,,,,none,none,none,none,no,0,0
BRD-SRC-ThanhTra-DM_DOI_TUONG_KHAC,ThanhTra,DM_DOI_TUONG_KHAC,Phụ lục — Danh mục đối tượng thanh tra,in_scope,,,,approved,none,none,none,no,3,0
BRD-SRC-ThanhTra-DM_DON_VI,ThanhTra,DM_DON_VI,Phụ lục — Danh mục dùng chung,in_scope,,,,none,none,none,none,no,0,0
BRD-SRC-ThanhTra-DM_HANH_VI_VI_PHAM,ThanhTra,DM_HANH_VI_VI_PHAM,Phụ lục — Danh mục dùng chung,in_scope,,,,none,none,none,none,no,0,0
BRD-SRC-ThanhTra-DM_HINH_THUC_PHAT,ThanhTra,DM_HINH_THUC_PHAT,Phụ lục — Danh mục dùng chung,in_scope,,,,none,none,none,none,no,0,0
BRD-SRC-ThanhTra-DM_HINH_THUC_VAN_BAN,ThanhTra,DM_HINH_THUC_VAN_BAN,Phụ lục — Danh mục dùng chung,in_scope,,,,none,none,none,none,no,0,0
BRD-SRC-ThanhTra-DM_HO_SO,ThanhTra,DM_HO_SO,Phụ lục — Danh mục dùng chung,in_scope,,,,none,none,none,none,no,0,0
BRD-SRC-ThanhTra-DM_LINH_VUC,ThanhTra,DM_LINH_VUC,Phụ lục — Danh mục dùng chung,in_scope,,,,none,none,none,none,no,0,0
BRD-SRC-ThanhTra-DM_MANG_NGHIEP_VU,ThanhTra,DM_MANG_NGHIEP_VU,Phụ lục — Danh mục dùng chung,in_scope,,,,none,none,none,none,no,0,0
BRD-SRC-ThanhTra-DM_MUC_DO_BAO_MAT,ThanhTra,DM_MUC_DO_BAO_MAT,Phụ lục — Danh mục dùng chung,in_scope,,,,none,none,none,none,no,0,0
BRD-SRC-ThanhTra-DM_QUOC_GIA,ThanhTra,DM_QUOC_GIA,Phụ lục — Danh mục dùng chung,in_scope,,,,none,none,none,none,no,0,0
BRD-SRC-ThanhTra-DM_TINH_THANH,ThanhTra,DM_TINH_THANH,Phụ lục — Danh mục dùng chung,in_scope,,,,none,none,none,none,no,0,0
BRD-SRC-ThanhTra-DM_TRANG_THAI_HO_SO,ThanhTra,DM_TRANG_THAI_HO_SO,Phụ lục — Danh mục dùng chung,in_scope,,,,none,none,none,none,no,0,0
BRD-SRC-ThanhTra-DT_CONG_BO_XU_PHAT,ThanhTra,DT_CONG_BO_XU_PHAT,"B.3 Tiếp công dân, xử lý đơn thư",in_scope,,,,approved,none,none,none,no,1,0
BRD-SRC-ThanhTra-DT_DON_THU,ThanhTra,DT_DON_THU,"B.3 Tiếp công dân, xử lý đơn thư",in_scope,,,,approved,none,none,none,no,1,0
BRD-SRC-ThanhTra-DT_HO_SO,ThanhTra,DT_HO_SO,"B.3 Tiếp công dân, xử lý đơn thư",in_scope,,,,approved,none,none,none,no,1,0
BRD-SRC-ThanhTra-DT_HO_SO_VAN_BAN,ThanhTra,DT_HO_SO_VAN_BAN,"B.3 Tiếp công dân, xử lý đơn thư",in_scope,,,,approved,none,none,none,no,1,0
BRD-SRC-ThanhTra-DT_KET_LUAN,ThanhTra,DT_KET_LUAN,"B.3 Tiếp công dân, xử lý đơn thư",in_scope,,,,approved,none,none,none,no,1,0
BRD-SRC-ThanhTra-DT_VAN_BAN_XU_LY,ThanhTra,DT_VAN_BAN_XU_LY,"B.3 Tiếp công dân, xử lý đơn thư",in_scope,,,,approved,none,none,none,no,1,0
BRD-SRC-ThanhTra-GS_CONG_BO_XU_PHAT,ThanhTra,GS_CONG_BO_XU_PHAT,B.2 Xử lý vi phạm hành chính,in_scope,,,,approved,none,none,none,no,1,0
BRD-SRC-ThanhTra-GS_HO_SO,ThanhTra,GS_HO_SO,B.2 Xử lý vi phạm hành chính,in_scope,,,,approved,none,none,none,no,1,0
BRD-SRC-ThanhTra-GS_HO_SO_VAN_BAN,ThanhTra,GS_HO_SO_VAN_BAN,B.2 Xử lý vi phạm hành chính,in_scope,,,,approved,none,none,none,no,1,0
BRD-SRC-ThanhTra-GS_VAN_BAN_XU_LY,ThanhTra,GS_VAN_BAN_XU_LY,B.2 Xử lý vi phạm hành chính,in_scope,,,,approved,none,none,none,no,1,0
BRD-SRC-ThanhTra-GS_VAN_BAN_XU_LY_FILE,ThanhTra,GS_VAN_BAN_XU_LY_FILE,B.2 Xử lý vi phạm hành chính,in_scope,,,,approved,none,none,none,no,1,0
BRD-SRC-ThanhTra-PCRT_BAO_CAO,ThanhTra,PCRT_BAO_CAO,"B.5 Phòng chống rửa tiền, tài trợ khủng bố",in_scope,,,,approved,none,none,none,no,1,0
BRD-SRC-ThanhTra-PCRT_HO_SO,ThanhTra,PCRT_HO_SO,"B.5 Phòng chống rửa tiền, tài trợ khủng bố",in_scope,,,,approved,none,none,none,no,1,0
BRD-SRC-ThanhTra-PCRT_HO_SO_VAN_BAN,ThanhTra,PCRT_HO_SO_VAN_BAN,"B.5 Phòng chống rửa tiền, tài trợ khủng bố",in_scope,,,,approved,none,none,none,no,1,0
BRD-SRC-ThanhTra-PCRT_VAN_BAN_XU_LY,ThanhTra,PCRT_VAN_BAN_XU_LY,"B.5 Phòng chống rửa tiền, tài trợ khủng bố",in_scope,,,,approved,none,none,none,no,1,0
BRD-SRC-ThanhTra-PCTN_BAO_CAO,ThanhTra,PCTN_BAO_CAO,"B.4 Phòng chống tham nhũng, tiêu cực",in_scope,,,,approved,none,none,none,no,1,0
BRD-SRC-ThanhTra-SYS_NGUOI_DUNG,ThanhTra,SYS_NGUOI_DUNG,B.8 Quản trị phân hệ,out_of_scope,Operational/system data — dữ liệu quản trị tài khoản người dùng,,,none,none,none,none,no,0,0
BRD-SRC-ThanhTra-SYS_NGUOI_DUNG_NHOM,ThanhTra,SYS_NGUOI_DUNG_NHOM,B.8 Quản trị phân hệ,out_of_scope,Operational/system data — junction table phân quyền hệ thống,,,none,none,none,none,no,0,0
BRD-SRC-ThanhTra-SYS_NHAT_KY,ThanhTra,SYS_NHAT_KY,B.8 Quản trị phân hệ,out_of_scope,"Audit Log nguồn — nhật ký hoạt động người dùng, không phải dữ liệu nghiệp vụ",,,none,none,none,none,no,0,0
BRD-SRC-ThanhTra-SYS_NHAT_KY_SAO_LUU,ThanhTra,SYS_NHAT_KY_SAO_LUU,B.8 Quản trị phân hệ,out_of_scope,Operational/system data — lịch sử các lần sao lưu kỹ thuật,,,none,none,none,none,no,0,0
BRD-SRC-ThanhTra-SYS_NHOM_NGUOI_DUNG,ThanhTra,SYS_NHOM_NGUOI_DUNG,B.8 Quản trị phân hệ,out_of_scope,Operational/system data — cấu hình phân quyền hệ thống,,,none,none,none,none,no,0,0
BRD-SRC-ThanhTra-SYS_SAO_LUU,ThanhTra,SYS_SAO_LUU,B.8 Quản trị phân hệ,out_of_scope,Operational/system data — lịch và cấu hình sao lưu kỹ thuật,,,none,none,none,none,no,0,0
BRD-SRC-ThanhTra-SYS_THAM_SO,ThanhTra,SYS_THAM_SO,B.8 Quản trị phân hệ,out_of_scope,Operational/system data — tham số cấu hình kỹ thuật hệ thống,,,none,none,none,none,no,0,0
BRD-SRC-ThanhTra-SYS_VAN_BAN_PHAP_QUY,ThanhTra,SYS_VAN_BAN_PHAP_QUY,B.8 Quản trị phân hệ,out_of_scope,"Regulatory reference — văn bản pháp quy tham chiếu nội bộ hệ thống, ngoài scope Atomic",,,none,none,none,none,no,0,0
BRD-SRC-ThanhTra-TT_CONG_BO_XU_PHAT,ThanhTra,TT_CONG_BO_XU_PHAT,B.1 Hoạt động thanh tra - kiểm tra,in_scope,,,,approved,none,none,none,no,1,0
BRD-SRC-ThanhTra-TT_HO_SO,ThanhTra,TT_HO_SO,B.1 Hoạt động thanh tra - kiểm tra,in_scope,,,,approved,none,none,none,no,1,0
BRD-SRC-ThanhTra-TT_HO_SO_CAN_BO,ThanhTra,TT_HO_SO_CAN_BO,B.1 Hoạt động thanh tra - kiểm tra,in_scope,,,,approved,none,none,none,no,1,0
BRD-SRC-ThanhTra-TT_HO_SO_VAN_BAN,ThanhTra,TT_HO_SO_VAN_BAN,B.1 Hoạt động thanh tra - kiểm tra,in_scope,,,,approved,none,none,none,no,1,0
BRD-SRC-ThanhTra-TT_KET_LUAN,ThanhTra,TT_KET_LUAN,B.1 Hoạt động thanh tra - kiểm tra,in_scope,,,,approved,none,none,none,no,1,0
BRD-SRC-ThanhTra-TT_KE_HOACH,ThanhTra,TT_KE_HOACH,B.1 Hoạt động thanh tra - kiểm tra,in_scope,,,,approved,none,none,none,no,1,0
BRD-SRC-ThanhTra-TT_KE_HOACH_DOI_TUONG,ThanhTra,TT_KE_HOACH_DOI_TUONG,B.1 Hoạt động thanh tra - kiểm tra,in_scope,,,,approved,none,none,none,no,1,0
BRD-SRC-ThanhTra-TT_KE_HOACH_VAN_BAN,ThanhTra,TT_KE_HOACH_VAN_BAN,B.1 Hoạt động thanh tra - kiểm tra,in_scope,,,,approved,none,none,none,no,1,0
BRD-SRC-ThanhTra-TT_QUYET_DINH,ThanhTra,TT_QUYET_DINH,B.1 Hoạt động thanh tra - kiểm tra,in_scope,,,,approved,none,none,none,no,1,0
BRD-SRC-ThanhTra-TT_QUYET_DINH_DOI_TUONG,ThanhTra,TT_QUYET_DINH_DOI_TUONG,B.1 Hoạt động thanh tra - kiểm tra,in_scope,,,,approved,none,none,none,no,1,0
BRD-SRC-ThanhTra-TT_QUYET_DINH_THANH_PHAN,ThanhTra,TT_QUYET_DINH_THANH_PHAN,B.1 Hoạt động thanh tra - kiểm tra,in_scope,,,,approved,none,none,none,no,1,0
BRD-SRC-ThanhTra-TT_QUYET_DINH_VAN_BAN,ThanhTra,TT_QUYET_DINH_VAN_BAN,B.1 Hoạt động thanh tra - kiểm tra,in_scope,,,,approved,none,none,none,no,1,0
