Tên bảng,Tên trường,Mô tả,Khóa,Ghi chú (FK suy luận)
USERS,Id,ID bản ghi,PK,
USERS,Deleted,Trạng thái xóa bản ghi: 0: Chưa xóa 1: Đã xóa,,
USERS,DateCreated,Ngày tạo,,
USERS,CreatedBy,Người tạo,,
USERS,DateModified,Ngày sửa,,
USERS,ModifyBy,Người sửa,,
USERS,UserName,Tài khoản,,
USERS,DisplayName,Họ tên,,
USERS,Password,Mật khẩu,,
USERS,Status,Trạng thái: 1: Hoạt động 0: Khóa,,
USERS,DateLogined,Ngày đăng nhập gần nhất,,
USERS,DateChangePassword,Ngày thay đổi mật khẩu,,
USERS,OrgPassword,Mật khẩu cũ,,
USERS,IsCer,Chứng thư số: 1: Sử dụng 0: Không sử dụng,,
USERS,Email,Email,,
USERS,IsDataMigration,Dữ liệu được đồng bộ: 1: Đồng bộ 0: Không đồng bộ,,
USERS,Description,Ghi chú,,
USERS,DepartmentId,Phòng ban: Dữ liệu lấy từ trường ID của bảng DEPARTMENT,FK,FK → DEPARTMENT.Id
USERS,JobTypeId,Chức vụ. Dữ liệu lấy từ trường ID của bảng JOBTYPE,FK,FK → JOBTYPE.Id
USERS,SystemObject,Loại đối tượng: 0: Ủy ban chứng khoán Nhà nước 1: Công ty QLQ 2: Công ty chứng khoán 3: Ngân hàng lưu ký 4: Trung tâm lưu ký 5: Sở giao dịch CK 6: Người đại diện CBTT 7: CN công ty QLQ NN tại VN,,
USERS,UnitId,ID Đơn vị. Dữ liệu lấy từ trường ID của bảng UNIT,FK,FK → UNIT.Id
USERS,AccountType,Loại tài khoản: 0: Tài khoản hệ thống 1: tài khoản gửi báo cáo,,
USERS,FundComId,ID đối tượng gửi báo cáo là công ty QLQ. Dữ liệu được lấy từ trường ID của bảng FUNDCOMPANY,FK,FK → FUNDCOMPANY.Id
USERS,SecComId,ID đối tượng gửi báo cáo là công ty chứng khoán. Dữ liệu được lấy từ trường ID của bảng SECURITIESCOMPANY,FK,FK → SECURITIESCOMPANY.Id
USERS,BankId,ID đối tượng gửi báo cáo là công ty ngân hàng lưu ký. Dữ liệu được lấy từ trường ID của bảng BANKMONI,FK,FK → BANKMONI.Id
USERS,DepCenId,ID đối tượng gửi báo cáo là Trung tâm lưu ký. Dữ liệu được lấy từ trường ID của bảng DEPOSITORYCENTER,FK,FK → DEPOSITORYCENTER.Id
USERS,StockCenId,ID đối tượng gửi báo cáo là Sở giao dịch CK. Dữ liệu được lấy từ trường ID của bảng STOCKEXCHANGE,FK,FK → STOCKEXCHANGE.Id
USERS,InDiRepCenId,ID đối tượng gửi báo cáo là người đại diện CBTT. Dữ liệu được lấy từ trường ID của bảng INFODISCREPRES,FK,FK → INFODISCREPRES.Id
USERS,BranchsId,ID đối tượng gửi báo cáo là CN công ty QLQ NN tại VN. Dữ liệu được lấy từ trường ID của bảng BRANCHS,FK,FK → BRANCHS.Id
USERS,CountPassFail,Số lần đăng nhập sai mật khẩu,,
USERS,IsFirstLogin,"Tài khoản mới tạo, chưa đăng nhập lần nào trên hệ thống: 1: Tài khoản mới tạo, chưa đăng nhập lần nào 0: Tài khoản đã đăng nhập trên hệ thống",,
USERS,IdOld,ID hệ thống cũ,,
USERSMENUS,UsersId,ID người dùng. Dữ liệu lấy từ trường ID của bảng USERS,FK,FK → USERS.Id
USERSMENUS,MenusId,ID quyền hệ thống. Dữ liệu lấy từ trường ID của bảng MENUS,FK,FK → MENUS.Id
USERRPTO,UserId,ID người dùng. Dữ liệu lấy từ trường ID của bảng USERS.,FK,FK → USERS.Id
USERRPTO,TpOutId,ID biểu mẫu báo cáo đầu ra. Dữ liệu lấy từ trường ID của bảng RPTTPOUT.,FK,FK → RPTTPOUT.Id
REFRESHTOKEN,Id,ID bản ghi.,PK,
REFRESHTOKEN,ExpiresUtc,Ngày hết hạn,,
REFRESHTOKEN,Token,Mã token,,
REFRESHTOKEN,UsersId,ID người dùng. Dữ liệu lấy từ trường ID của bảng USERS.,FK,FK → USERS.Id
GROUPS,Id,ID bản ghi,PK,
GROUPS,OrgId,,,
GROUPS,GroupName,Nhóm người dùng,,
GROUPS,Status,Trạng thái: 0: Khóa 1: Hoạt động,,
GROUPS,Description,Mô tả,,
GROUPS,DateCreated,Ngày tạo,,
GROUPS,CreatedBy,Người tạo,,
GROUPS,DateModified,Ngày sửa,,
GROUPS,ModifyBy,Người sửa,,
GROUPS,IsDataMigration,Trạng thái đồng bộ dữ liệu,,
GROUPS,Deleted,Trạng thái xóa bản ghi: 1: Bị xóa 0: Không bị xóa,,
GROUPUSERS,GroupsId,ID nhóm người dùng. Dữ liệu lấy từ trường ID của bảng GROUPS.,FK,FK → GROUPS.Id
GROUPUSERS,UsersId,ID người dùng. Dữ liệu lấy từ trường ID của bảng USERS.,FK,FK → USERS.Id
GROUPROLES,RolesId,ID nhóm quyền. Dữ liệu lấy từ trường ID của bảng ROLES.,FK,FK → ROLES.Id
GROUPROLES,GroupsId,ID nhóm người dùng. Dữ liệu lấy từ trường ID của bảng GROUPS.,FK,FK → GROUPS.Id
ROLES,Id,ID bản ghi,PK,
ROLES,Deleted,Trạng thái xóa bản ghi: 1: Bị xóa 0: Không bị xóa,,
ROLES,DateCreated,Ngày tạo,,
ROLES,CreatedBy,Người tạo,,
ROLES,DateModified,Ngày sửa,,
ROLES,ModifyBy,Người sửa,,
ROLES,RoleName,Tên nhóm quyền,,
ROLES,Description,Mô tả,,
ROLES,Status,Trạng thái: 0: Khóa 1: Hoạt động,,
MENUS,Id,ID bản ghi,PK,
MENUS,Deleted,Trạng thái xóa bản ghi: 1: Bị xóa 0: Không bị xóa,,
MENUS,DateCreated,Ngày tạo,,
MENUS,CreatedBy,Người tạo,,
MENUS,DateModified,Ngày sửa,,
MENUS,ModifyBy,Người sửa,,
MENUS,Title,Tên quyền,,
MENUS,Icon,Icon,,
MENUS,Url,Điều hướng,,
MENUS,ParentId,Quyền cấp cha,,
MENUS,MenuType,Danh mục quyền: 1: Quyền chức năng 0: Menu,,
MENUS,SortOrder,Sắp xếp,,
MENUS,Access,Danh sách các quyền chức năng được truy cập,,
MENUS,IsActive,Trạng thái: 0: Không sử dụng 1: Sử dụng,,
CERTFCATE,Id,ID bản ghi,PK,
CERTFCATE,UserId,ID người dùng. Dữ liệu lấy từ trường ID của bảng USERS,FK,FK → USERS.Id
CERTFCATE,Keys,Keys,,
CERTFCATE,Serial,Số Serial,,
CERTFCATE,Subject,Subject,,
CERTFCATE,Issuer,Issuer,,
CERTFCATE,Type,Loại CTS: 0: Cá nhân 1: Tổ chức,,
CERTFCATE,Status,Trạng thái: 0: Từ chối 1: Chấp thuận,,
CERTFCATE,IsDataMigration,Là dữ liệu chuyển đổi,,
CERTFCATE,IdOld,ID hệ thống cũ,,
ERRORLOG,Id,Id bản ghi,PK,
ERRORLOG,UserId,ID người dùng. Dữ liệu lấy từ trường ID của bảng USERS,FK,FK → USERS.Id
ERRORLOG,ModuleName,Tên module chức năng,,
ERRORLOG,Action,Tên hàm,,
ERRORLOG,ActionForEndUser,Thao tác người dùng cuối,,
ERRORLOG,IsError,Là lỗi: 1: là lỗi 2: không là lỗi,,
ERRORLOG,Content,Nội dung lỗi,,
ERRORLOG,Exception,Chi tiết lỗi,,
ERRORLOG,DateCreated,Ngày lỗi,,
ERRORLOG,Id,Id bản ghi,PK,
ERRORLOG,UserId,ID người dùng. Dữ liệu lấy từ trường ID của bảng USERS,FK,FK → USERS.Id
ERRORLOG,ModuleName,Tên module chức năng,,
ERRORLOG,Action,Tên hàm,,
ERRORLOG,ActionForEndUser,Thao tác người dùng cuối,,
ERRORLOG,IsError,"Là lỗi:
1: là lỗi
2: không là lỗi",,
ERRORLOG,Content,Nội dung lỗi,,
ERRORLOG,Exception,Chi tiết lỗi,,
ERRORLOG,DateCreated,Ngày lỗi,,
USERSESSIONS,Id,ID bản ghi,PK,
USERSESSIONS,Status,Trạng thái: 1: Đang truy cập 0: Hủy phiên,,
USERSESSIONS,UserName,Account người dùng,,
USERSESSIONS,DestroyUserName,Tên người dùng,,
USERSESSIONS,ClientIp,IP truy cập,,
USERSESSIONS,DnsName,Tên miền truy cập,,
USERSESSIONS,DateLogined,Ngày,,
USERSESSIONS,Description,Mô tả,,
RPTTEMP,Id,ID bản ghi,PK,
RPTTEMP,Deleted,Trạng thái xóa bản ghi: 1: Bị xóa 0: Không bị xóa,,
RPTTEMP,DateCreated,Ngày tạo,,
RPTTEMP,CreatedBy,Người tạo,,
RPTTEMP,DateModified,Ngày sửa,,
RPTTEMP,ModifyBy,Người sửa,,
RPTTEMP,Name,Tên biểu mẫu,,
RPTTEMP,LegalBasis,Căn cứ pháp lý,,
RPTTEMP,Code,Mã biểu mẫu,,
RPTTEMP,ReportGroup,Nhóm báo cáo: 1: Báo cáo công ty QLQ 2: Báo cáo công ty chứng khoán 3: Báo cáo ngân hàng lưu ký 4: Báo cáo trung tâm lưu ký 5: Báo cáo sở giao dịch CK 6: Báo cáo người đại diện CBTT 7: Báo cáo CN công ty QLQ NN tại VN,,
RPTTEMP,IsNeedImport,Báo cáo có import: 1: Có import 0: Không import,,
RPTTEMP,SystemObjects,Đối tượng gửi báo cáo: 1: Công ty QLQ 2: Công ty chứng khoán 3: Ngân hàng lưu ký 4: Trung tâm lưu ký 5: Sở giao dịch CK 6: Người đại diện CBTT 7: CN công ty QLQ NN tại VN,,
RPTTEMP,Description,Mô tả,,
RPTTEMP,IsSelfMemberSetting,Báo cáo do cán bộ UB tự thiết lập kỳ: 1: Có cho phép cán bộ UB tự thiết lập kỳ 0: Không cho phêp cán bộ UB được thiết lập kỳ,,
RPTTEMP,FileData,File đính kèm,,
RPTTEMP,Status,Trạng thái: 0: Bản nháp 1: Đang sử dụng 2: Không sử dụng,,
RPTTEMP,Version,Version biểu mẫu,,
RPTTEMP,DateUsed,Ngày bắt đầu sử dụng,,
RPTTEMP,ReportTypeId,Loại báo cáo. Dữ liệu lấy từ trường ID của bảng REPORTTYPE,FK,FK → REPORTTYPE.Id
RPTTEMP,IsNeedPublic,Cho phép CBTT: 0: Không CBTT 1: Có CBTT,,
SHEET,Id,ID của bản ghi,PK,
SHEET,Deleted,Trạng thái xóa bản ghi: 1: Bị xóa 0: Không bị xóa,,
SHEET,DateCreated,Ngày tạo,,
SHEET,CreatedBy,Người tạo,,
SHEET,DateModified,Ngày sửa,,
SHEET,ModifyBy,Người sửa,,
SHEET,RptId,ID biểu mẫu báo cáo đầu vào. Dữ liệu lấy tại trường ID của bảng RPTTEMP.,,
SHEET,Code,Mã sheet,,
SHEET,Name,Tên sheet,,
SHEET,SheetIndex,Thứ tự sheet,,
SHEET,Status,Trạng thái: 0: Không sử dụng 1: Sử dụng,,
SHEET,Description,Mô tả,,
SHEET,MergeCells,Ô dữ liệu merge,,
SHEET,CellsMeta,Cấu hình của ô chỉ tiêu.,,
SHEET,DataLabel,Tên chỉ tiêu,,
SHEET,ColWidths,Chiều rộng của cột chỉ tiêu,,
SHEET,RowHeights,Chiều cao của dòng chỉ tiêu,,
RPTPERIOD,Id,ID bản ghi,PK,
RPTPERIOD,Deleted,Trạng thái xóa bản ghi: 1: Bị xóa 0: Không bị xóa,,
RPTPERIOD,DateCreated,Ngày tạo,,
RPTPERIOD,CreatedBy,Người tạo,,
RPTPERIOD,DateModified,Ngày sửa,,
RPTPERIOD,ModifyBy,Người sửa,,
RPTPERIOD,RptId,ID biểu mẫu báo cáo đầu vào. Dữ liệu lấy tại trường ID của bảng RPTTEMP.,,
RPTPERIOD,SfPdId,ID kỳ báo cáo cán bộ UB tự thiết lập kỳ. Dữ liệu lấy tại trường ID của bảng SELFSETPD,,
RPTPERIOD,PeriodType,Kỳ báo cáo: 1: Ngày 2: Tuần 3: Nửa tháng 4: Tháng 5: Quý 6: Bán niên 7: Năm,,
RPTPERIOD,LatestSendDate,Thời gian gửi báo cáo muộn nhấy,,
RPTPERIOD,RepeatTime,Lặp lại sau,,
RPTPERIOD,DateStartCount,Ngày bắt đầu tính hạn,,
RPTPERIOD,IsWorkingDay,Đơn vị tính: 0: Ngày 1: Ngày làm việc,,
RPTPERIOD,SendInDay,Gửi trong vòng,,
RPTPERIOD,Status,Trạng thái: 0: Không sử dụng 1: Sử dụng,,
RPTPERIOD,Description,Ghi chú,,
RPTPERIOD,FileName,,,
RPTPERIOD,LatestSendWeek,Thời gian gửi muộn nhất,,
RPTPDSHT,ShtId,ID sheet báo cáo đầu vào. Dữ liệu lấy tại trường ID của bảng SHEET.,"PK, FK",FK suy luận từ mô tả
RPTPDSHT,RptPdId,ID kỳ báo cáo đầu vào. Dữ liệu lấy tại trường ID của bảng RPTPERIOD.,"PK, FK",FK → RPTPERIOD.Id (suy luận từ tên trường)
RPTPDSHT,Deleted,Trạng thái xóa bản ghi: 1: Bị xóa 0: Không bị xóa,,
RPTPDSHT,DateCreated,Ngày tạo,,
RPTPDSHT,CreatedBy,Người tạo,,
RPTPDSHT,DateModified,Ngày sửa,,
RPTPDSHT,ModifyBy,Người sửa,,
RPTHTORY,Id,ID bản ghi,PK,
RPTHTORY,Deleted,Trạng thái xóa bản ghi: 1: Bị xóa 0: Không bị xóa,,
RPTHTORY,DateCreated,Ngày tạo,,
RPTHTORY,CreatedBy,Người tạo,,
RPTHTORY,DateModified,Ngày sửa,,
RPTHTORY,ModifyBy,Người sửa,,
RPTHTORY,RptId,ID biểu mẫu báo cáo đầu vào. Dữ liệu lấy tại trường ID của bảng RPTTEMP,,
RPTHTORY,Code,Mã biểu mẫu,,
RPTHTORY,Action,Thao tác,,
RPTHTORY,Version,Phiên bản,,
RPTHTORY,IsDownload,Cho phép tải xuống: 0: Không cho phép tải xuống 1: Cho phép tải xuống,,
RPTTPOUT,Id,ID bản ghi,PK,
RPTTPOUT,Deleted,Trạng thái xóa bản ghi: 1: Bị xóa 0: Không bị xóa,,
RPTTPOUT,DateCreated,Ngày tạo,,
RPTTPOUT,CreatedBy,Người tạo,,
RPTTPOUT,DateModified,Ngày sửa,,
RPTTPOUT,ModifyBy,Người sửa,,
RPTTPOUT,ShtOtId,Mã ID sheet báo cáo đầu ra,,
RPTTPOUT,Name,Tên biểu mẫu,,
RPTTPOUT,LegalBasis,Căn cứ pháp lý,,
RPTTPOUT,Code,Mã biểu mẫu,,
RPTTPOUT,Status,Trạng thái: 0: Bản nháp 1: Đang sử dụng 2: Không sử dụng,,
RPTTPOUT,Description,Ghi chú,,
RPTTPOUT,ReportGroup,Nhóm báo cáo: 1: Báo cáo công ty QLQ 2: Báo cáo công ty chứng khoán 3: Báo cáo ngân hàng lưu ký 4: Báo cáo trung tâm lưu ký 5: Báo cáo sở giao dịch CK 6: Báo cáo người đại diện CBTT 7: Báo cáo CN công ty QLQ NN tại VN 8: Khác,,
RPTTPOUT,SystemObject,Đối tượng tổng hợp: 1: Công ty QLQ 2: Công ty chứng khoán 3: Ngân hàng lưu ký 4: Trung tâm lưu ký 5: Sở giao dịch CK 6: Người đại diện CBTT 7: CN công ty QLQ NN tại VN,,
RPTTPOUT,SystemObjectLst,Lưu nhiều loại đối tượng. Chỉ áp dụng nếu báo cáo thống kê được cấu hình thống kê cho nhiều loại đối tượng.,,
SHEETOUT,Id,ID bản ghi,PK,
SHEETOUT,Deleted,Trạng thái xóa bản ghi: 1: Bị xóa 0: Không bị xóa,,
SHEETOUT,DateCreated,Ngày tạo,,
SHEETOUT,CreatedBy,Người tạo,,
SHEETOUT,DateModified,Ngày sửa,,
SHEETOUT,ModifyBy,Người sửa,,
SHEETOUT,TpOutId,ID biểu mẫu báo cáo đầu ra. Dữ liệu lấy từ trường ID của bảng RPTTPOUT.,FK,FK → RPTTPOUT.Id
SHEETOUT,Code,Mã sheet,,
SHEETOUT,Name,Tên sheet,,
SHEETOUT,SheetIndex,Thứ tự sheet,,
SHEETOUT,Status,Trạng thái: 0: Không sử dụng 1: Sử dụng,,
SHEETOUT,Description,Mô tả,,
SHEETOUT,MergeCells,Ô dữ liệu merge,,
SHEETOUT,CellsMeta,Cấu hình của ô chỉ tiêu.,,
SHEETOUT,DataLabel,Tên chỉ tiêu,,
SHEETOUT,ColWidths,Chiều rộng của cột chỉ tiêu,,
SHEETOUT,RowHeights,Chiều cao của dòng chỉ tiêu,,
TPOUTHTORY,Id,ID bản ghi,PK,
TPOUTHTORY,TpOutId,ID biểu mẫu báo cáo đầu ra. Dữ liệu lấy từ trường ID của bảng RPTTPOUT.,FK,FK → RPTTPOUT.Id
TPOUTHTORY,Action,Thao tác,,
TPOUTHTORY,Version,Version biểu mẫu,,
TPOUTHTORY,IsDownload,Cho phép tải xuống: 0: Không cho phép tải xuống 1: Cho phép tải xuống,,
TPOUTHTORY,DateCreated,Ngày tạo,,
TPOUTHTORY,CreatedBy,Người tạo,,
RPTOUTMANAGEMENT,Id,ID bản ghi,PK,
RPTOUTMANAGEMENT,Deleted,Trạng thái xóa của bản ghi: 0: Không bị xóa 1: Bị xóa,,
RPTOUTMANAGEMENT,DateCreated,Ngày tạo,,
RPTOUTMANAGEMENT,CreatedBy,Người tạo,,
RPTOUTMANAGEMENT,DateModified,Ngày sửa,,
RPTOUTMANAGEMENT,ModifyBy,Người sửa,,
RPTOUTMANAGEMENT,SystemObject,Nhóm báo cáo,,
RPTOUTMANAGEMENT,RptOutId,ID biểu mẫu báo cáo đầu ra. Lấy dữ liệu từ trường ID của bảng. RPTTPOUT,,
RPTOUTMANAGEMENT,IsMutiPeriod,Là báo cáo thống kê theo 1 kỳ/ nhifu kỳ: 0: Thống kê theo 1 kỳ 1: Thống kê theo nhiều kỳ,,
RPTOUTMANAGEMENT,PeriodValueFrom,Giá trị kỳ chạy từ kỳ,,
RPTOUTMANAGEMENT,PeriodValueTo,Giá trị kỳ chạy đến kỳ,,
RPTOUTMANAGEMENT,Status,Trạng thái: 0: Không sử dụng 1: Sử dụng,,
RPTOUTMANAGEMENT,PeriodType,Kỳ báo cáo: 1: Ngày 2: Tuần 3: Nửa tháng 4: Tháng 5: Quý 6: Bán niên 7: Năm,,
RPTOUTMANAGEMENT,dateStart,Ngày bắt đầu chạy,,
RPTOUTMANAGEMENT,dateEnd,Ngày kết thúc chạy,,
RPTOUTMANAGEMENT,Name,Tên cấu hình,,
RPTOUTMANAGEMENT,InvestorIds,,,
RPTOUTMANAGEMENT,InvestorTypeIds,,,
RPTOUTMANAGEMENT,MemberIds,ID thành viên thị trường,,
RPTOUTMANAGEMENT,MemberStrIds,Map ID thành viên thị trường với ID loại thành viên,,
RPTOUTMANAGEMENT,NationId,,,
RPTOUTMANAGEMENT,SecuritiesIds,,,
RPTOUTMANAGEMENT,Unit,,,
RPTOUTMANAGEMENT,DateCompletion,Ngày chạy gần nhất,,
RPTOUTMANAGEMENT,IsRunNow,Cấu hình lịch chạy thủ công: 0: Không chạy thủ công 1: Có chạy thủ công,,
RPTOUTMANAGEMENT,IsSum,Có dòng tổng trong file thống kê 0: Không có dòng tổng 1: Có dòng tổng,,
RPTOUTFILESAVE,Id,ID bản ghi,PK,
RPTOUTFILESAVE,Deleted,Trạng thái xóa của bản ghi: 0: Không bị xóa 1: Bị xóa,,
RPTOUTFILESAVE,DateCreated,Ngày tạo,,
RPTOUTFILESAVE,CreatedBy,Người tạo,,
RPTOUTFILESAVE,DateModified,Ngày sửa,,
RPTOUTFILESAVE,ModifyBy,Người sửa,,
RPTOUTFILESAVE,SystemObject,Nhóm báo cáo,,
RPTOUTFILESAVE,RptOutId,ID biểu mẫu báo cáo đầu ra. Lấy dữ liệu từ trường ID của bảng. RPTTPOUT,,
RPTOUTFILESAVE,FileExport,Tên File thống kê,,
RPTOUTFILESAVE,DataFileExport,,,
RPTOUTFILESAVE,PeriodType,Kỳ báo cáo: 1: Ngày 2: Tuần 3: Nửa tháng 4: Tháng 5: Quý 6: Bán niên 7: Năm,,
RPTOUTFILESAVE,PeriodValue,Giá trị kỳ,,
RPTOUTFILESAVE,ReportYear,Năm báo cáo,,
RPTOUTFILESAVE,RptOutManageId,ID cấu hình gen file tự động. Lấy dữ liệu từ trường ID của bảng RPTOUTMANAGEMENT,,
LOCATION,Id,ID bản ghi,PK,
LOCATION,Deleted,Trạng thái xóa của bản ghi: 0: Không bị xóa 1: Bị xóa,,
LOCATION,DateCreated,Ngày tạo,,
LOCATION,CreatedBy,Người tạo,,
LOCATION,DateModified,Ngày sửa,,
LOCATION,ModifyBy,Người sửa,,
LOCATION,SName,Mã tỉnh/ thành phố,,
LOCATION,Name,Tên tỉnh/ thành phố,,
LOCATION,Status,Trạng thái: 0: Không sử dụng 1: Sử dụng,,
LOCATION,IsDataMigration,Dữ liệu đồng bộ,,
LOCATION,Description,Mô tả,,
LOCATION,IdOld,ID danh mục tỉnh/ thành phố từ hệ thống FMS,,
NATIONAL,Id,ID bản ghi,PK,
NATIONAL,Deleted,Trạng thái xóa của bản ghi: 0: Không bị xóa 1: Bị xóa,,
NATIONAL,DateCreated,Ngày tạo,,
NATIONAL,CreatedBy,Người tạo,,
NATIONAL,DateModified,Ngày sửa,,
NATIONAL,ModifyBy,Người sửa,,
NATIONAL,SName,Mã quốc tịch/ quốc gia,,
NATIONAL,Name,Tên quốc tịch/ quốc gia,,
NATIONAL,Status,Trạng thái: 0: Không sử dụng 1: Sử dụng,,
NATIONAL,Description,Mô tả,,
NATIONAL,IsDataMigration,Dữ liệu đồng bộ,,
NATIONAL,IdOld,ID danh mục tỉnh/ thành phố từ hệ thống FMS,,
NATIONAL,IdScmsOld,ID danh mục tỉnh/ thành phố từ hệ thống SCMS,,
STATUS,Id,ID bản ghi,PK,
STATUS,Deleted,Trạng thái xóa của bản ghi: 0: Không bị xóa 1: Bị xóa,,
STATUS,DateCreated,Ngày tạo,,
STATUS,CreatedBy,Người tạo,,
STATUS,DateModified,Ngày sửa,,
STATUS,ModifyBy,Người sửa,,
STATUS,Name,Tên tình trạng hoạt động,,
STATUS,TypeObject,Đối tượng áp dụng,,
STATUS,IsActive,Trạng thái: 0: Không sử dụng 1: Sử dụng,,
STATUS,IsSubmitReport,Cho phép gửi báo cáo: 0: Không gửi báo cáo 1: Gửi báo cáo,,
STATUS,Description,Mô tả,,
STATUS,Icon,Icon,,
STATUS,Color,Màu sắc,,
STATUS,IdOld,ID hệ thống cũ,,
JOBTYPE,Id,ID của bản ghi,PK,
JOBTYPE,Deleted,Trạng thái xóa của bản ghi: 0: Không bị xóa 1: Bị xóa,,
JOBTYPE,DateCreated,Ngày tạo,,
JOBTYPE,CreatedBy,Người tạo,,
JOBTYPE,DateModified,Ngày sửa,,
JOBTYPE,ModifyBy,Người sửa,,
JOBTYPE,SName,Mã chức vụ,,
JOBTYPE,Name,Tên chức vụ,,
JOBTYPE,Status,Trạng thái: 0: Không sử dụng 1: Sử dụng,,
JOBTYPE,Description,Mô tả,,
JOBTYPE,IdOld,ID hệ thống cũ,,
SECURITIESTYPE,Id,ID bản ghi,PK,
SECURITIESTYPE,Deleted,Trạng thái xóa của bản ghi: 0: Không bị xóa 1: Bị xóa,,
SECURITIESTYPE,DateCreated,Ngày tạo,,
SECURITIESTYPE,CreatedBy,Người tạo,,
SECURITIESTYPE,DateModified,Ngày sửa,,
SECURITIESTYPE,ModifyBy,Người sửa,,
SECURITIESTYPE,SName,Mã loại chứng khoán,,
SECURITIESTYPE,Name,Tên loại chứng khoán,,
SECURITIESTYPE,Status,Trạng thái: 0: Không sử dụng 1: Sử dụng,,
SECURITIESTYPE,IsDataMigration,Dữ liệu chuyển đổi,,
SECURITIESTYPE,Description,Mô tả,,
SECURITIESTYPE,ParentId,Mã chứng khoán cha,,
SECURITIESTYPE,IdOld,ID hệ thống cũ,,
SECURITIES,Id,ID của bản ghi,PK,
SECURITIES,Deleted,Trạng thái xóa của bản ghi: 0: Không bị xóa 1: Bị xóa,,
SECURITIES,DateCreated,Ngày tạo,,
SECURITIES,CreatedBy,Người tạo,,
SECURITIES,DateModified,Ngày sửa,,
SECURITIES,ModifyBy,Người sửa,,
SECURITIES,SName,Mã chứng khoán,,
SECURITIES,Name,Tên chứng khoán,,
SECURITIES,Status,Trạng thái: 0: Không sử dụng 1: Sử dụng,,
SECURITIES,IsDataMigration,Dữ liệu chuyển đổi,,
SECURITIES,Description,Mô tả,,
SECURITIES,SecuritiesTypeId,ID loại chứng khoán. Dữ liệu lấy trường ID của bảng SECURITIESTYPE.,,FK suy luận → SECURITIESTYPE.Id
SECURITIES,IdOld,ID hệ thống cũ,,
SECURITIES,ClosingPrice,Giá đóng cửa,,
STOCKHOLDERTYPE,Id,ID bản ghi,PK,
STOCKHOLDERTYPE,Deleted,Trạng thái xóa của bản ghi: 0: Không bị xóa 1: Bị xóa,,
STOCKHOLDERTYPE,DateCreated,Ngày tạo,,
STOCKHOLDERTYPE,CreatedBy,Người tạo,,
STOCKHOLDERTYPE,DateModified,Ngày sửa,,
STOCKHOLDERTYPE,ModifyBy,Người sửa,,
STOCKHOLDERTYPE,SName,Mã loại cổ đông,,
STOCKHOLDERTYPE,Name,Tên loại cổ đông,,
STOCKHOLDERTYPE,Status,Trạng thái: 0: Không sử dụng 1: Sử dụng,,
STOCKHOLDERTYPE,IsDataMigration,Dữ liệu chuyển đổi,,
STOCKHOLDERTYPE,Description,Mô tả,,
STOCKHOLDERTYPE,IdOld,ID hệ thống cũ,,
COMPANYTYPE,Id,ID bản ghi,PK,
COMPANYTYPE,Deleted,Trạng thái xóa của bản ghi: 0: Không bị xóa 1: Bị xóa,,
COMPANYTYPE,DateCreated,Ngày tạo,,
COMPANYTYPE,CreatedBy,Người tạo,,
COMPANYTYPE,DateModified,Ngày sửa,,
COMPANYTYPE,ModifyBy,Người sửa,,
COMPANYTYPE,SName,Mã loại hình doanh nghiệp,,
COMPANYTYPE,Name,Tên loại hình doanh nghiệp,,
COMPANYTYPE,Status,Trạng thái: 0: Không sử dụng 1: Sử dụng,,
COMPANYTYPE,IsDataMigration,Dữ liệu chuyển đổi,,
COMPANYTYPE,Description,Mô tả,,
COMPANYTYPE,TypeObject,Đối tượng áp dụng: 1: Công ty QLQ 2: Công ty chứng khoán 3: Ngân hàng lưu ký 4: Trung tâm lưu ký 5: Sở giao dịch CK 6: Người đại diện CBTT 7: CN công ty QLQ NN tại VN,,
COMPANYTYPE,IdOld,ID hệ thống cũ,,
BUSINESS,Id,ID bản ghi,PK,
BUSINESS,Deleted,Trạng thái xóa của bản ghi: 0: Không bị xóa 1: Bị xóa,,
BUSINESS,DateCreated,Ngày tạo,,
BUSINESS,CreatedBy,Người tạo,,
BUSINESS,DateModified,Ngày sửa,,
BUSINESS,ModifyBy,Người sửa,,
BUSINESS,SName,Mã nghiệp vụ kinh doanh,,
BUSINESS,Name,Tên nghiệp vụ kinh doanh,,
BUSINESS,Status,Trạng thái: 0: Không sử dụng 1: Sử dụng,,
BUSINESS,IsDataMigration,Dữ liệu chuyển đổi,,
BUSINESS,Description,Mô tả,,
BUSINESS,TypeObject,Đối tượng áp dụng: 1: Công ty QLQ 2: Công ty chứng khoán 3: Ngân hàng lưu ký 4: Trung tâm lưu ký 5: Sở giao dịch CK 6: Người đại diện CBTT 7: CN công ty QLQ NN tại VN,,
BUSINESS,IdOld,ID hệ thống cũ,,
CURRENCY,Id,ID bản ghi,PK,
CURRENCY,Deleted,Trạng thái xóa của bản ghi: 0: Không bị xóa 1: Bị xóa,,
CURRENCY,DateCreated,Ngày tạo,,
CURRENCY,CreatedBy,Người tạo,,
CURRENCY,DateModified,Ngày sửa,,
CURRENCY,ModifyBy,Người sửa,,
CURRENCY,SName,Mã tiền tệ,,
CURRENCY,Name,Tên tiền tệ,,
CURRENCY,Status,Trạng thái: 0: Không sử dụng 1: Sử dụng,,
CURRENCY,IsDataMigration,Là dữ liệu chuyển đổi,,
CURRENCY,Description,Mô tả,,
CURRENCY,IdOld,ID hệ thống cũ,,
DEGREE,Id,ID bảng ghi,PK,
DEGREE,Deleted,Trạng thái xóa của bản ghi: 0: Không bị xóa 1: Bị xóa,,
DEGREE,DateCreated,Ngày tạo,,
DEGREE,CreatedBy,Người tạo,,
DEGREE,DateModified,Ngày sửa,,
DEGREE,ModifyBy,Người sửa,,
DEGREE,SName,Mã trình độ,,
DEGREE,Name,Tên trình độ,,
DEGREE,Status,Trạng thái: 0: Không sử dụng 1: Sử dụng,,
DEGREE,IsDataMigration,Là dữ liệu chuyển đổi,,
DEGREE,Description,Mô tả,,
DEGREE,IdOld,ID hệ thống cũ,,
UNIT,Id,ID bản ghi,PK,
UNIT,Deleted,Trạng thái xóa của bản ghi: 0: Không bị xóa 1: Bị xóa,,
UNIT,DateCreated,Ngày tạo,,
UNIT,CreatedBy,Người tạo,,
UNIT,DateModified,Ngày sửa,,
UNIT,ModifyBy,Người sửa,,
UNIT,ParentId,Đơn vị cha,,
UNIT,SName,Mã đơn vị,,
UNIT,Name,Tên đơn vị,,
UNIT,Address,Địa chỉ,,
UNIT,PhoneNumber,Điện thoại,,
UNIT,Fax,Fax,,
UNIT,Email,Email liên hệ,,
UNIT,Status,Trạng thái: 0: Không sử dụng 1: Sử dụng,,
UNIT,IsDataMigration,Là dữ liệu chuyển đổi,,
UNIT,Description,Mô tả,,
UNIT,IdOld,ID hệ thống cũ,,
DEPARTMENT,Id,ID bản ghi,PK,
DEPARTMENT,Deleted,Trạng thái xóa của bản ghi: 0: Không bị xóa 1: Bị xóa,,
DEPARTMENT,DateCreated,Ngày tạo,,
DEPARTMENT,CreatedBy,Người tạo,,
DEPARTMENT,DateModified,Ngày sửa,,
DEPARTMENT,ModifyBy,Người sửa,,
DEPARTMENT,SName,Mã phòng ban,,
DEPARTMENT,Name,Tên phòng ban,,
DEPARTMENT,Status,Trạng thái: 0: Không sử dụng 1: Sử dụng,,
DEPARTMENT,IsDataMigration,Là dữ liệu chuyển đổi,,
DEPARTMENT,Description,Mô tả,,
DEPARTMENT,UnitId,ID đơn vị. Lấy dữ liệu từ trường ID của bảng UNIT,,FK suy luận → UNIT.Id
DEPARTMENT,IdOld,ID hệ thống cũ,,
VIOLATIONTYPE,Id,ID bản ghi,PK,
VIOLATIONTYPE,Deleted,Trạng thái xóa của bản ghi: 0: Không bị xóa 1: Bị xóa,,
VIOLATIONTYPE,DateCreated,Ngày tạo,,
VIOLATIONTYPE,CreatedBy,Người tạo,,
VIOLATIONTYPE,DateModified,Ngày sửa,,
VIOLATIONTYPE,ModifyBy,Người sửa,,
VIOLATIONTYPE,SName,Mã loại vi phạm,,
VIOLATIONTYPE,Name,Tên loại vi phạm,,
VIOLATIONTYPE,Status,Trạng thái: 0: Không sử dụng 1: Sử dụng,,
VIOLATIONTYPE,IsDataMigration,Là dữ liệu chuyển đổi,,
VIOLATIONTYPE,Description,Mô tả,,
VIOLATIONTYPE,IdOld,ID hệ thống cũ,,
REPORTTYPE,Id,ID bản ghi,PK,
REPORTTYPE,Deleted,Trạng thái xóa của bản ghi: 0: Không bị xóa 1: Bị xóa,,
REPORTTYPE,DateCreated,Ngày tạo,,
REPORTTYPE,CreatedBy,Người tạo,,
REPORTTYPE,DateModified,Ngày sửa,,
REPORTTYPE,ModifyBy,Người sửa,,
REPORTTYPE,SName,Mã loại báo cáo,,
REPORTTYPE,Name,Tên loại báo cáo,,
REPORTTYPE,Status,Trạng thái: 0: Không sử dụng 1: Sử dụng,,
REPORTTYPE,IsDataMigration,Là dữ liệu chuyển đổi,,
REPORTTYPE,Description,Mô tả,,
REPORTTYPE,IsPeriodic,Báo cáo định kỳ: 1: Là báo cáo định kỳ 0: Không là báo cáo định kỳ,,
INVESTORTYPE,Id,ID bản ghi,PK,
INVESTORTYPE,Deleted,Trạng thái xóa của bản ghi: 0: Không bị xóa 1: Bị xóa,,
INVESTORTYPE,DateCreated,Ngày tạo,,
INVESTORTYPE,CreatedBy,Người tạo,,
INVESTORTYPE,DateModified,Ngày sửa,,
INVESTORTYPE,ModifyBy,Người sửa,,
INVESTORTYPE,SName,Mã loại hình NĐT,,
INVESTORTYPE,Name,Tên loại hình NĐT,,
INVESTORTYPE,Status,Trạng thái: 0: Không sử dụng 1: Sử dụng,,
INVESTORTYPE,IsDataMigration,Là dữ liệu chuyển đổi,,
INVESTORTYPE,Description,Mô tả,,
INVESTOR,id,ID bản ghi,PK,
INVESTOR,Deleted,Trạng thái xóa của bản ghi: 0: Không bị xóa 1: Bị xóa,,
INVESTOR,DateCreated,Ngày tạo,,
INVESTOR,CreatedBy,Người tạo,,
INVESTOR,DateModified,Ngày sửa,,
INVESTOR,ModifyBy,Người sửa,,
INVESTOR,ObjectType,Loại hình NĐT: 1: Cá nhân 2: Tổ chức,,
INVESTOR,TransactionCode,Mã số giao dịch,,
INVESTOR,name,Họ tên,,
INVESTOR,ename,Tên tiếng Anh,,
INVESTOR,Sex,Giới tính,,
INVESTOR,DateOfBirth,Ngày sinh,,
INVESTOR,NaId,ID quốc tịch. Lấy dữ liệu ID của bảng NATIONAL,,FK suy luận → NATIONAL.Id
INVESTOR,Address,Địa chỉ,,
INVESTOR,IdNo,Số CCCD/ Hộ chiếu,,
INVESTOR,IdDate,Ngày cấp CCCD/ Hộ chiếu,,
INVESTOR,IdAdd,Nơi cấp CCCD/ Hộ chiếu,,
INVESTOR,Telephone,Điện thoại,,
INVESTOR,Fax,Fax,,
INVESTOR,Email,Email,,
INVESTOR,Website,Website,,
INVESTOR,BusinessNumber,Số GPKD,,
INVESTOR,Director,Tên đại diện GD,,
INVESTOR,InvestorTypeId,Loại NĐT. Dữ liệu lấy từ trường ID của bảng INVESTORTYPE,FK,FK → INVESTORTYPE.Id
INVESTOR,DepAccountNumber,Số tài khoản lưu ký,,
INVESTOR,SysObjectType,Đối tượng: 1: Công ty chứng khoán 2: Ngân hàng lưu ký,,
INVESTOR,SecComAddId,Nơi mở nếu là công ty chứng khoán. ID lấy từ bảng SECURITIESCOMPANY,FK,FK → SECURITIESCOMPANY.Id
INVESTOR,BankAddId,Nơi mở nếu là ngân hàng lưu ký. ID lấy từ bảng BANKMONI,FK,FK → BANKMONI.Id
INVESTOR,AccountInvesCapital,Số tài khoản vốn đầu tư gián tiếp,,
INVESTOR,BankAddCapId,Nơi mở số tài khoản vốn đầu tư gián tiếp. Lấy dữ liệu ID từ bảng BANKMONI,,
INVESTOR,CompanyTypeId,Loại hình doanh nghiệp,,FK suy luận → COMPANYTYPE.Id
INVESTOR,StatusId,Trạng thái: 1: Đang hoạt động 0: Dừng hoạt động,,FK suy luận → STATUS.Id
INVESTOR,Description,Mô tả,,
INVESTOR,FileName,Tên file đính kèm,,
INVESTOR,FileData,File đính kèm,,
INVESTOR,IdOld,ID hệ thống cũ,,
INVESTORHIS,id,ID bản ghi,PK,
INVESTORHIS,Deleted,Trạng thái xóa của bản ghi: 0: Không bị xóa 1: Bị xóa,,
INVESTORHIS,DateCreated,Ngày tạo,,
INVESTORHIS,CreatedBy,Người tạo,,
INVESTORHIS,DateModified,Ngày sửa,,
INVESTORHIS,ModifyBy,Người sửa,,
INVESTORHIS,IdOld,ID nhà đầu tư. Dữ liệu lấy từ trường ID của bảng INVESTOR,FK,FK → INVESTOR.Id
INVESTORHIS,ObjectType,Loại hình NĐT: 1: Cá nhân 2: Tổ chức,,
INVESTORHIS,TransactionCode,Mã số giao dịch,,
INVESTORHIS,name,Họ tên,,
INVESTORHIS,ename,Tên tiếng Anh,,
INVESTORHIS,Sex,Giới tính,,
INVESTORHIS,DateOfBirth,Ngày sinh,,
INVESTORHIS,NaId,ID quốc tịch. Lấy dữ liệu ID của bảng NATIONAL,,FK suy luận → NATIONAL.Id
INVESTORHIS,Address,Địa chỉ,,
INVESTORHIS,IdNo,Số CCCD/ Hộ chiếu,,
INVESTORHIS,IdDate,Ngày cấp CCCD/ Hộ chiếu,,
INVESTORHIS,IdAdd,Nơi cấp CCCD/ Hộ chiếu,,
INVESTORHIS,Telephone,Điện thoại,,
INVESTORHIS,Fax,Fax,,
INVESTORHIS,Email,Email,,
INVESTORHIS,Website,Website,,
INVESTORHIS,BusinessNumber,Số GPKD,,
INVESTORHIS,Director,Tên đại diện GD,,
INVESTORHIS,InvestorTypeId,Loại NĐT. Dữ liệu lấy từ trường ID của bảng INVESTORTYPE,FK,FK → INVESTORTYPE.Id
INVESTORHIS,DepAccountNumber,Số tài khoản lưu ký,,
INVESTORHIS,SysObjectType,Đối tượng: 1: Công ty chứng khoán 2: Ngân hàng lưu ký,,
INVESTORHIS,SecComAddId,Nơi mở nếu là công ty chứng khoán. ID lấy từ bảng SECURITIESCOMPANY,FK,FK → SECURITIESCOMPANY.Id
INVESTORHIS,BankAddId,Nơi mở nếu là ngân hàng lưu ký. ID lấy từ bảng BANKMONI,FK,FK → BANKMONI.Id
INVESTORHIS,AccountInvesCapital,Số tài khoản vốn đầu tư gián tiếp,,
INVESTORHIS,BankAddCapId,Nơi mở số tài khoản vốn đầu tư gián tiếp. Lấy dữ liệu ID từ bảng BANKMONI,,
INVESTORHIS,CompanyTypeId,Loại hình doanh nghiệp,,FK suy luận → COMPANYTYPE.Id
INVESTORHIS,StatusId,Trạng thái: 1: Đang hoạt động 0: Dừng hoạt động,,FK suy luận → STATUS.Id
INVESTORHIS,Description,Mô tả,,
INVESTORHIS,FileName,Tên file đính kèm,,
INVESTORHIS,FileData,File đính kèm,,
INVESTORHIS,IdDbOld,ID hệ thống cũ,,
SECURITIESACCOUNT,Id,ID bản ghi,PK,
SECURITIESACCOUNT,SecId,ID công ty chứng khoán. Dữ liệu lấy từ trường ID của bảng SECURITIESCOMPANY,FK,FK → SECURITIESCOMPANY.Id
SECURITIESACCOUNT,InvesId,ID nhà đầu tư. Dữ liệu lấy từ trường ID của bảng INVESTOR,FK,FK → INVESTOR.Id
SECURITIESACCOUNT,Account,Tài khoản giao dịch chứng khoán,,
SECURITIESACCOUNT,IdOld,ID hệ thống cũ,,
SECURITIESACCOUNTHIS,Id,ID bản ghi,PK,
SECURITIESACCOUNTHIS,SecId,ID công ty chứng khoán. Dữ liệu lấy từ trường ID của bảng SECURITIESCOMPANY,FK,FK → SECURITIESCOMPANY.Id
SECURITIESACCOUNTHIS,InvesId,ID lịch sử nhà đầu tư. Dữ liệu lấy từ trường ID của bảng INVESTORHIS,FK,FK → INVESTORHIS.Id
SECURITIESACCOUNTHIS,Account,Tài khoản giao dịch chứng khoán,,
CATEGORIESSTOCK,id,ID bản ghi,PK,
CATEGORIESSTOCK,SecId,ID công ty chứng khoán. Dữ liệu lấy từ trường ID của bảng SECURITIESCOMPANY,FK,FK → SECURITIESCOMPANY.Id
CATEGORIESSTOCK,InvesId,ID nhà đầu tư. Dữ liệu lấy từ trường ID của bảng INVESTOR,FK,FK → INVESTOR.Id
CATEGORIESSTOCK,Quantity,Số lượng sở hữu,,
CATEGORIESSTOCK,Rate,Tỷ lệ sở hữu,,
CATEGORIESSTOCK,IdOld,ID hệ thống cũ,,
CATEGORIESSTOCKHIS,id,ID bản ghi,PK,
CATEGORIESSTOCKHIS,SecId,ID công ty chứng khoán. Dữ liệu lấy từ trường ID của bảng SECURITIESCOMPANY,FK,FK → SECURITIESCOMPANY.Id
CATEGORIESSTOCKHIS,InvesId,ID lịch sử nhà đầu tư. Dữ liệu lấy từ trường ID của bảng INVESTORHIS,FK,FK → INVESTORHIS.Id
CATEGORIESSTOCKHIS,Quantity,Số lượng sở hữu,,
CATEGORIESSTOCKHIS,Rate,Tỷ lệ sở hứu,,
RELATEDPROPERTIES,Id,ID bản ghi,PK,
RELATEDPROPERTIES,Deleted,Trạng thái xóa của bản ghi: 0: Không bị xóa 1: Bị xóa,,
RELATEDPROPERTIES,DateCreated,Ngày tạo,,
RELATEDPROPERTIES,CreatedBy,Người tạo,,
RELATEDPROPERTIES,DateModified,Ngày sửa,,
RELATEDPROPERTIES,ModifyBy,Người sửa,,
RELATEDPROPERTIES,SName,Mã hình thức liên quan,,
RELATEDPROPERTIES,Name,Tên hình thức liên quan,,
RELATEDPROPERTIES,Status,Trạng thái: 1: Đang hoạt động 0: Dừng hoạt động,,
RELATEDPROPERTIES,IsDataMigration,Là dữ liệu chuyển đổi,,
RELATEDPROPERTIES,Description,Mô tả,,
RELATEDPROPERTIES,IdOld,ID hệ thống cũ,,
RELATIONSHIP,(chưa có dữ liệu),,,
ANNOUNCETYPE,Id,ID bản ghi,PK,
ANNOUNCETYPE,Deleted,Trạng thái xóa của bản ghi: 0: Không bị xóa 1: Bị xóa,,
ANNOUNCETYPE,DateCreated,Ngày tạo,,
ANNOUNCETYPE,CreatedBy,Người tạo,,
ANNOUNCETYPE,DateModified,Ngày sửa,,
ANNOUNCETYPE,ModifyBy,Người sửa,,
ANNOUNCETYPE,SName,Mã loại CBTT,,
ANNOUNCETYPE,Name,Tên loại CBTT,,
ANNOUNCETYPE,Status,Trạng thái: 1: Đang hoạt động 0: Dừng hoạt động,,
ANNOUNCETYPE,Description,Ghi chú,,
CALENDAR,Id,ID bản ghi,PK,
CALENDAR,Deleted,Trạng thái xóa của bản ghi: 0: Không bị xóa 1: Bị xóa,,
CALENDAR,DateCreated,Ngày tạo,,
CALENDAR,CreatedBy,Người tạo,,
CALENDAR,DateModified,Ngày sửa,,
CALENDAR,ModifyBy,Người sửa,,
CALENDAR,WorkingDate,Ngày,,
CALENDAR,IsWorkingDate,Ngày làm việc: 1: là ngày nghỉ 0: là ngày làm việc,,
CALENDAR,Note,Ghi chú,,
CALENDAR,IsDataMigration,Là dữ liệu chuyển đổi,,
CALENDARMANAGERMENT,Id,ID bản ghi,PK,
CALENDARMANAGERMENT,Deleted,Trạng thái xóa của bản ghi: 0: Không bị xóa 1: Bị xóa,,
CALENDARMANAGERMENT,DateCreated,Ngày tạo,,
CALENDARMANAGERMENT,CreatedBy,Người tạo,,
CALENDARMANAGERMENT,DateModified,Ngày sửa,,
CALENDARMANAGERMENT,ModifyBy,Người sửa,,
CALENDARMANAGERMENT,StartDate,Ngày bắt đầu thay đổi,,
CALENDARMANAGERMENT,EndDate,Ngày kết thúc thay đổi,,
CALENDARMANAGERMENT,FlagRun,Chạy job sinh lịch gửi báo cáo: 1: Đã chạy job 0: Chưa chạy job,,
SYSVAR,Id,ID bản ghi,PK,
SYSVAR,Deleted,Trạng thái xóa của bản ghi: 0: Không bị xóa 1: Bị xóa,,
SYSVAR,DateCreated,Ngày tạo,,
SYSVAR,CreatedBy,Người tạo,,
SYSVAR,DateModified,Ngày sửa,,
SYSVAR,ModifyBy,Người sửa,,
SYSVAR,GrName,Phân hệ,,
SYSVAR,VarName,Tham số,,
SYSVAR,VarValue,Giá trị tham số,,
SYSVAR,VarDesc,Ghi chú,,
SYSVAR,TypeControl,Loại dữ liệu,,
SELFSETPD,Id,ID bản ghi,PK,
SELFSETPD,Deleted,Trạng thái xóa bản ghi: 1: Bị xóa 0: Không bị xóa,,
SELFSETPD,DateCreated,Ngày tạo,,
SELFSETPD,CreatedBy,Người tạo,,
SELFSETPD,DateModified,Ngày sửa,,
SELFSETPD,ModifyBy,Người sửa,,
SELFSETPD,RptId,ID biểu mẫu báo cáo. Lấy dữ liệu từ trường ID của bảng RPTTEMP,,
SELFSETPD,IsSend,Có gửi báo cáo: 1: Có gửi 0: Không gửi,,
SELFSETPD,SysTemObject,Loại đối tượng,,
SELFSETPD,LstMember,ID đối tượng gửi báo cáo.,,
SELFSETPD,Id,ID bản ghi,PK,
SELFSETPD,Deleted,Trạng thái xóa bản ghi:1: Bị xóa0: Không bị xóa,,
SELFSETPD,DateCreated,Ngày tạo,,
SELFSETPD,CreatedBy,Người tạo,,
SELFSETPD,DateModified,Ngày sửa,,
SELFSETPD,ModifyBy,Người sửa,,
SELFSETPD,RptId,ID biểu mẫu báo cáo. Lấy dữ liệu từ trường ID của bảng RPTTEMP,,
SELFSETPD,IsSend,Có gửi báo cáo:1: Có gửi0: Không gửi,,
SELFSETPD,SysTemObject,Loại đối tượng,,
SELFSETPD,LstMember,ID đối tượng gửi báo cáo.,,
TLPROFILES,Id,ID bản ghi,PK,
TLPROFILES,Deleted,Trạng thái xóa của bản ghi: 0: Không bị xóa 1: Bị xóa,,
TLPROFILES,DateCreated,Ngày tạo,,
TLPROFILES,CreatedBy,Người tạo,,
TLPROFILES,DateModified,Ngày sửa,,
TLPROFILES,ModifyBy,Người sửa,,
TLPROFILES,FundComId,ID công ty QLQ. Lấy dữ liệu từ trưởng ID của bảng FUNDCOMPANY.,,FK suy luận → FUNDCOMPANY.Id
TLPROFILES,SecComId,ID công ty chứng khoán. Lấy dữ liệu từ trưởng ID của bảng SECURITIESCOMPANY.,,FK suy luận → SECURITIESCOMPANY.Id
TLPROFILES,BankId,ID ngân hàng lưu ký. Lấy dữ liệu từ trưởng ID của bảng BANKMONI.,,FK suy luận → BANKMONI.Id
TLPROFILES,DepCenId,ID trung tâm lưu ký. Lấy dữ liệu từ trưởng ID của bảng DEPOSITORYCENTER.,,FK suy luận → DEPOSITORYCENTER.Id
TLPROFILES,StockCenId,ID Sở giao dịch. Lấy dữ liệu từ trưởng ID của bảng STOCKEXCHANGE.,,FK suy luận → STOCKEXCHANGE.Id
TLPROFILES,InDiRepCenId,ID người đại diện CBTT. Lấy dữ liệu từ trưởng ID của bảng INFODISCREPRES.,,FK suy luận → INFODISCREPRES.Id
TLPROFILES,Name,Họ và tên,,
TLPROFILES,NaId,ID quốc tịch. Dữ liệu lấy từ trường ID của bảng NATIONAL.,FK,FK → NATIONAL.Id
TLPROFILES,Address,Địa chỉ,,
TLPROFILES,PlaceOfBirth,Nơi sinh,,
TLPROFILES,IdNo,CCCD/ Hộ chiếu,,
TLPROFILES,IdDate,Ngày cấp,,
TLPROFILES,IdAdd,Nơi cấp,,
TLPROFILES,DateOfBirth,Ngày sinh,,
TLPROFILES,Sex,Giới tính: 1: Nam 2: Nữ,,
TLPROFILES,Telephone,Điện thoại,,
TLPROFILES,Email,Email,,
TLPROFILES,IsRepresentative,Là người đại diện: 1: Có là người đại diện pháp luật 0: Không là người đại pháp luật,,
TLPROFILES,EmailRepresentative,Email người đại diện pháp luật,,
TLPROFILES,SWorkDTE,Ngày bắt đầu làm việc,,
TLPROFILES,FWorkDTE,Ngày kết thúc làm việc,,
TLPROFILES,CertNo,Số CCHN,,
TLPROFILES,CertDate,Ngày cấp CCHN,,
TLPROFILES,CertAdd,Nơi cấp CCHN,,
TLPROFILES,DegreeId,ID trình độ. Dữ liệu lấy từ trường ID của bảng DEGREE,FK,FK → DEGREE.Id
TLPROFILES,StatusId,Trạng thái nhân sự: 1: Còn hiệu lực 2: Hết hiệu lực 3: Vô thời hạn,,FK suy luận → STATUS.Id
TLPROFILES,Description,Mô tả,,
TLPROFILES,FileName,Tên file đính kèm,,
TLPROFILES,SystemObject,Loại đối tượng: 1: Công ty QLQ 2: Công ty chứng khoán 3: Ngân hàng lưu ký 4: Trung tâm lưu ký 5: Sở giao dịch CK 6: Người đại diện CBTT 7: CN công ty QLQ NN tại VN,,
TLPROFILES,FileData,File đính kèm,,
TLPROJOB,JobId,ID chức vụ. Dữ liệu lấy từ trường ID của bảng JOBTYPE,FK,FK → JOBTYPE.Id
TLPROJOB,TLProId,ID nhân sự. Dữ liệu lấy từ trường ID của bảng TLPROFILES.,FK,FK → TLPROFILES.Id
TLPROJOB,SystemObject,Loại đối tượng: 1: Công ty QLQ 2: Công ty chứng khoán 3: Ngân hàng lưu ký 4: Trung tâm lưu ký 5: Sở giao dịch CK 6: Người đại diện CBTT 7: CN công ty QLQ NN tại VN,,
TLPROSTOCKH,TlProId,ID nhân sự. Dữ liệu lấy từ trường ID của bảng TLPROFILES.,FK,FK → TLPROFILES.Id
TLPROSTOCKH,StockId,ID loại cổ đông. Dữ liệu lấy từ tường ID của bảng STOCKHOLDERTYPE.,FK,FK → STOCKHOLDERTYPE.Id
TLPROSTOCKH,SystemObject,Loại đối tượng: 1: Công ty QLQ 2: Công ty chứng khoán 3: Ngân hàng lưu ký 4: Trung tâm lưu ký 5: Sở giao dịch CK 6: Người đại diện CBTT 7: CN công ty QLQ NN tại VN,,
NOTIFICATION,Id,ID bản ghi,PK,
NOTIFICATION,Deleted,Trạng thái xóa của bản ghi: 0: Không bị xóa 1: Bị xóa,,
NOTIFICATION,DateCreated,Ngày tạo,,
NOTIFICATION,CreatedBy,Người tạo,,
NOTIFICATION,DateModified,Ngày sửa,,
NOTIFICATION,ModifyBy,Người sửa,,
NOTIFICATION,Type,Loại thông báo: 1: thông báo hệ thống 2: thông báo thủ công,,
NOTIFICATION,UToId,Người nhận,,
NOTIFICATION,UFromId,Người gửi,,
NOTIFICATION,SystemObject,Loại đối tượng: 1: Công ty QLQ 2: Công ty chứng khoán 3: Ngân hàng lưu ký 4: Trung tâm lưu ký 5: Sở giao dịch CK 6: Người đại diện CBTT 7: CN công ty QLQ NN tại VN,,
NOTIFICATION,Title,Tiêu đề,,
NOTIFICATION,LinkToDetail,Đường dẫn đến màn hình xem chi tiết,,
NOTIFICATION,ListMemberId,ID thành viên thị trường,,
NOTIFICATION,Status,Trạng thái: 0: bản nháp 1: đã gửi,,
NOTIFICATION,IsSentMail,Có gửi mail không: 0: không gửi mail 1: có gửi mail,,
NOTIFICATION,Content,Nội dung,,
NOTIFICATION,DateSend,Ngày gửi,,
NOTIFICATION,FileName,Tên file đính kèm,,
NOTIFICATION,FileData,File đính kèm,,
NOTIFICATION,LinkToDetail,Link chi tiết thông báo,,
NOTIFICATION,IsView,Bản ghi đã được xem: 1: Đã được xem 0: Chưa được xem,,
RPTMEMBER,Id,ID bản ghi,PK,
RPTMEMBER,Deleted,Trạng thái xóa của bản ghi: 0: Không bị xóa 1: Bị xóa,,
RPTMEMBER,DateCreated,Ngày tạo,,
RPTMEMBER,CreatedBy,Người tạo,,
RPTMEMBER,DateModified,Ngày sửa,,
RPTMEMBER,ModifyBy,Người sửa,,
RPTMEMBER,RptId,ID biểu mẫu báo cáo đầu vào. Dữ liệu lấy từ trường ID của bảng RPTTEMP.,FK,FK → RPTTEMP.Id
RPTMEMBER,PrdId,ID kỳ báo cáo. Dữ liệu lấy từ trường ID của bảng RPTPERIOD.,FK,FK → RPTPERIOD.Id
RPTMEMBER,FundId,ID công ty QLQ. Lấy dữ liệu từ trưởng ID của bảng FUNDCOMPANY.,,FK suy luận → FUNDCOMPANY.Id
RPTMEMBER,SecId,ID công ty chứng khoán. Lấy dữ liệu từ trưởng ID của bảng SECURITIESCOMPANY.,,FK suy luận → SECURITIES.Id
RPTMEMBER,BankId,ID ngân hàng lưu ký. Lấy dữ liệu từ trưởng ID của bảng BANKMONI.,,FK suy luận → BANKMONI.Id
RPTMEMBER,DepId,ID trung tâm lưu ký. Lấy dữ liệu từ trưởng ID của bảng DEPOSITORYCENTER.,,
RPTMEMBER,StockId,ID Sở giao dịch. Lấy dữ liệu từ trưởng ID của bảng STOCKEXCHANGE.,,FK suy luận → STOCKHOLDERTYPE.Id
RPTMEMBER,InId,ID người đại diện CBTT. Lấy dữ liệu từ trưởng ID của bảng INFODISCREPRES.,,
RPTMEMBER,BranId,ID CN công ty QLQ NN tại VN. Lấy dữ liệu từ trưởng ID của bảng BRANCHS.,,
RPTMEMBER,ReportTypeId,ID loại báo cáo. Lấy dữ liệu từ trường ID của bảng REPORTTYPE.,,FK suy luận → REPORTTYPE.Id
RPTMEMBER,ObjectType,Loại đối tượng: 1: Công ty QLQ 2: Công ty chứng khoán 3: Ngân hàng lưu ký 4: Trung tâm lưu ký 5: Sở giao dịch CK 6: Người đại diện CBTT 7: CN công ty QLQ NN tại VN,,
RPTMEMBER,IsImport,Là báo cáo có import: 0: Báo cáo không import 1: Báo cáo có import,,
RPTMEMBER,RptName,Tên báo cáo,,
RPTMEMBER,YearValue,Năm báo cáo,,
RPTMEMBER,PeriodValue,Giá trị kỳ báo cáo,,
RPTMEMBER,DayReport,Ngày báo cáo,,
RPTMEMBER,DeadlineSend,Thời hạn gửi,,
RPTMEMBER,Status,Trạng thái: 1: Chưa gửi 2: Đã gửi 3: Gửi muộn 4: Bị hủy 5: Đã gửi lại,,
RPTMEMBER,DateSubmitted,Ngày gửi,,
RPTMEMBER,FileData,File đính kèm,,
RPTMEMBER,FileImport,File import,,
RPTMEMBER,ContentSummary,Nội dung trích yếu,,
RPTMEMBER,Note,Ghi chú,,
RPTMEMBER,PeriodType,Kỳ báo cáo: 1: Ngày 2: Tuần 3: Nửa tháng 4: Tháng 5: Quý 6: Bán niên 7: Năm,,
RPTMEMBER,isWorkingDay,Là ngày làm việc: 1: Ngày làm việc 0: Ngày,,
RPTMEMBER,SendInDay,Gửi trong vòng bao nhiều ngày,,
RPTMEMBER,DataFileImport,Dữ liệu trong file import,,
RPTMEMBER,IdOld,ID hệ thống cũ,,
RPTMEMBER,IsDataMigration,Trạng thái đồng bộ dữ liệu,,
RPTVALUESMANAGERMENT,Id,ID bản ghi,PK,
RPTVALUESMANAGERMENT,Deleted,Trạng thái xóa của bản ghi: 0: Không bị xóa 1: Bị xóa,,
RPTVALUESMANAGERMENT,DateCreated,Ngày tạo,,
RPTVALUESMANAGERMENT,CreatedBy,Người tạo,,
RPTVALUESMANAGERMENT,DateModified,Ngày sửa,,
RPTVALUESMANAGERMENT,ModifyBy,Người sửa,,
RPTVALUESMANAGERMENT,TableName,Tên bảng lưu dữ liệu giá trị báo cáo,,
RPTVALUESMANAGERMENT,TableYear,Năm của bảng,,
RPTVALUESMANAGERMENT,TableSystemObject,Đối tượng áp dụng của bảng: 1: Công ty QLQ 2: Công ty chứng khoán 3: Ngân hàng lưu ký 4: Trung tâm lưu ký 5: Sở giao dịch CK 6: Người đại diện CBTT 7: CN công ty QLQ NN tại VN,,
RPTVALUES,Id,ID bản ghi,PK,
RPTVALUES,Deleted,Trạng thái xóa của bản ghi: 0: Không bị xóa 1: Bị xóa,,
RPTVALUES,DateCreated,Ngày tạo,,
RPTVALUES,CreatedBy,Người tạo,,
RPTVALUES,DateModified,Ngày sửa,,
RPTVALUES,ModifyBy,Người sửa,,
RPTVALUES,MebId,ID báo cáo của thành viên thị trường. Dữ liệu lấy từ trường ID của bảng RPTMEMBER.,FK,FK → RPTMEMBER.Id
RPTVALUES,PrdId,ID kỳ báo cáo. Dữ liệu lấy từ trường ID của bảng RPTPERIOD.,FK,FK → RPTPERIOD.Id
RPTVALUES,SheetId,ID sheet báo cáo đầu vào. Dữ liệu lấy từ trường ID của bảng SHEET.,FK,FK → SHEET.Id
RPTVALUES,RptId,ID biểu mẫu báo cáo đầu vào. Dữ liệu lấy từ trường ID của bảng RPTTEMP.,FK,FK → RPTTEMP.Id
RPTVALUES,TgtId,UID sheet ẩn,,
RPTVALUES,Type,Loại đối tượng gửi báo cáo: 1: Công ty QLQ 2: Công ty chứng khoán 3: Ngân hàng lưu ký 4: Trung tâm lưu ký 5: Sở giao dịch CK 6: Người đại diện CBTT 7: CN công ty QLQ NN tại VN,,
RPTVALUES,PeriodType,Loại kỳ,,
RPTVALUES,PeriodValue,Giá trị kỳ,,
RPTVALUES,YearValue,Năm báo cáo,,
RPTVALUES,Values,Giá trị từng ô báo cáo,,
RPTVALUES,Code,Mã,,
RPTVALUES,FormatDataType,Định dạng dữ liệu,,
RPTVALUES,IsDynamic,Là dòng động: 0: không là dòng động 1: Là dòng động,,
RPTVALUES,RowDynamic,Dòng động,,
RPTVALUES,TableName,ID bảng RPTVALUESMANAGERMENT,,
RPTVALUES,FieldName,Tên file,,
RPTVALUES,Identification,Dữ liệu dạng ô cho phép chọn,,
RPTVALUES,FundId,ID công ty QLQ. Lấy dữ liệu từ trưởng ID của bảng FUNDCOMPANY.,,FK suy luận → FUNDCOMPANY.Id
RPTVALUES,SecId,ID công ty chứng khoán. Lấy dữ liệu từ trưởng ID của bảng SECURITIESCOMPANY.,,FK suy luận → SECURITIES.Id
RPTVALUES,BankId,ID ngân hàng lưu ký. Lấy dữ liệu từ trưởng ID của bảng BANKMONI.,,FK suy luận → BANKMONI.Id
RPTVALUES,DepId,ID trung tâm lưu ký. Lấy dữ liệu từ trưởng ID của bảng DEPOSITORYCENTER.,,
RPTVALUES,StockId,ID Sở giao dịch. Lấy dữ liệu từ trưởng ID của bảng STOCKEXCHANGE.,,FK suy luận → STOCKHOLDERTYPE.Id
RPTVALUES,InId,ID người đại diện CBTT. Lấy dữ liệu từ trưởng ID của bảng INFODISCREPRES.,,
RPTVALUES,BranId,ID CN công ty QLQ NN tại VN. Lấy dữ liệu từ trưởng ID của bảng BRANCHS.,,
RPTPROCESS,Id,ID bản ghi,PK,
RPTPROCESS,RpMbId,ID báo cáo của thành viên thị trường. Dữ liệu lấy từ trường ID của bảng RPTMEMBER.,FK,FK → RPTMEMBER.Id
RPTPROCESS,UserId,Người thực hiện,,FK suy luận → USERS.Id
RPTPROCESS,Status,Trạng thái báo cáo,,
RPTPROCESS,Comment,Thao tác thực hiện,,
RPTPROCESS,Description,Ghi chú,,
RPTPROCESS,DateChange,Thời gian thực hiện,,
RPTPROCESS,FileImport,File báo cáo,,
RPTPROCESS,FileData,File đính kèm,,
RPTPROCESS,DataFileImport,Dữ liệu file import,,
STOCKEXCHANGE,Id,ID bản ghi,PK,
STOCKEXCHANGE,Deleted,Trạng thái xóa của bản ghi: 0: Không bị xóa 1: Bị xóa,,
STOCKEXCHANGE,DateCreated,Ngày tạo,,
STOCKEXCHANGE,CreatedBy,Người tạo,,
STOCKEXCHANGE,DateModified,Ngày sửa,,
STOCKEXCHANGE,ModifyBy,Người sửa,,
STOCKEXCHANGE,Name,Tên Sở giao dịch,,
STOCKEXCHANGE,EName,Tên tiếng Anh,,
STOCKEXCHANGE,ShortName,Tên viết tắt,,
STOCKEXCHANGE,NaId,ID quốc gia. Dữ liệu lấy từ trường ID của bảng NATIONAL.,FK,FK → NATIONAL.Id
STOCKEXCHANGE,Address,Địa chỉ,,
STOCKEXCHANGE,Telephone,Điện thoại,,
STOCKEXCHANGE,Fax,Fax,,
STOCKEXCHANGE,Email,Email,,
STOCKEXCHANGE,Website,Website,,
STOCKEXCHANGE,Hotline,Hotline,,
STOCKEXCHANGE,StatusId,ID trạng thái. Dữ liệu lấy từ trường ID của bảng STATUS.,FK,FK → STATUS.Id
STOCKEXCHANGE,Description,Ghi chú,,
STOCKEXCHANGE,FileName,Tên file đính kèm,,
STOCKEXCHANGE,FileData,File đính kèm,,
STOCKEXCHANGE,IdOld,ID hệ thống cũ,,
STOCKEXCHANGE,IsDataMigration,Trạng thái đồng bộ dữ liệu,,
DEPOSITORYCENTER,Id,ID bản ghi,PK,
DEPOSITORYCENTER,Deleted,Trạng thái xóa của bản ghi: 0: Không bị xóa 1: Bị xóa,,
DEPOSITORYCENTER,DateCreated,Ngày tạo,,
DEPOSITORYCENTER,CreatedBy,Người tạo,,
DEPOSITORYCENTER,DateModified,Ngày sửa,,
DEPOSITORYCENTER,ModifyBy,Người sửa,,
DEPOSITORYCENTER,Name,Tên trung tâm lưu ký,,
DEPOSITORYCENTER,EName,Tên tiếng Anh,,
DEPOSITORYCENTER,ShortName,Tên viết tắt,,
DEPOSITORYCENTER,NaId,ID quốc gia. Dữ liệu lấy từ trường ID của bảng NATIONAL.,FK,FK → NATIONAL.Id
DEPOSITORYCENTER,Address,Địa chỉ,,
DEPOSITORYCENTER,Telephone,Điện thoại,,
DEPOSITORYCENTER,Fax,Fax,,
DEPOSITORYCENTER,Email,Email,,
DEPOSITORYCENTER,Website,Website,,
DEPOSITORYCENTER,Hotline,Hotline,,
DEPOSITORYCENTER,StatusId,ID trạng thái. Dữ liệu lấy từ trường ID của bảng STATUS.,FK,FK → STATUS.Id
DEPOSITORYCENTER,Description,Ghi chú,,
DEPOSITORYCENTER,FileName,Tên file đính kèm,,
DEPOSITORYCENTER,FileData,File đính kèm,,
DEPOSITORYCENTER,IdOld,ID hệ thống cũ,,
DEPOSITORYCENTER,IsDataMigration,Trạng thái đồng bộ dữ liệu,,
FUNDCOMPANY,Id,ID bản ghi,PK,
FUNDCOMPANY,Deleted,Trạng thái xóa của bản ghi: 0: Không bị xóa 1: Bị xóa,,
FUNDCOMPANY,DateCreated,Ngày tạo,,
FUNDCOMPANY,CreatedBy,Người tạo,,
FUNDCOMPANY,DateModified,Ngày sửa,,
FUNDCOMPANY,ModifyBy,Người sửa,,
FUNDCOMPANY,Name,Tên công ty QLQ,,
FUNDCOMPANY,EName,Tên tiếng Anh,,
FUNDCOMPANY,ShortName,Tên tiếng Việt,,
FUNDCOMPANY,NaId,ID quốc gia. Dữ liệu lấy từ trường ID của bảng NATIONAL.,FK,FK → NATIONAL.Id
FUNDCOMPANY,Address,Địa chỉ,,
FUNDCOMPANY,Telephone,Điện thoại,,
FUNDCOMPANY,Fax,Fax,,
FUNDCOMPANY,Email,Email,,
FUNDCOMPANY,Website,Website,,
FUNDCOMPANY,IdNo,Số GPKD,,
FUNDCOMPANY,IdDate,Ngày cấp GPKD,,
FUNDCOMPANY,IdAdd,Nơi cáp GPKD,,
FUNDCOMPANY,RegNo,Số GPDC,,
FUNDCOMPANY,RegDate,Ngày cấp GPDC,,
FUNDCOMPANY,RegAdd,Nơi cấp GPDC,,
FUNDCOMPANY,Director,Tổng giám đốc,,
FUNDCOMPANY,Capital,Vốn điều lệ,,
FUNDCOMPANY,StatusId,ID trạng thái. Dữ liệu lấy từ trường ID của bảng STATUS.,FK,FK → STATUS.Id
FUNDCOMPANY,DepCert,Chứng nhận lưu ký,,
FUNDCOMPANY,Description,Ghi chú,,
FUNDCOMPANY,FileName,Tên file đính kèm,,
FUNDCOMPANY,FileData,File đính kèm,,
FUNDCOMPANY,IdOld,ID hệ thống cũ,,
FUNDCOMPANY,IsDataMigration,Trạng thái đồng bộ dữ liệu,,
FUNDCOMBUSINES,FundId,ID công ty QLQ. Dữ liệu lấy từ trường ID của bảng FUNDCOMPANY.,FK,FK → FUNDCOMPANY.Id
FUNDCOMBUSINES,BuId,ID nghiệp vụ kinh doanh. Dữ liệu lấy từ trường ID của bảng BUSINESS.,FK,FK → BUSINESS.Id
FUNDCOMTYPE,FundId,ID công ty QLQ. Dữ liệu lấy từ trường ID của bảng FUNDCOMPANY.,FK,FK → FUNDCOMPANY.Id
FUNDCOMTYPE,ComTypeId,ID loại hình công ty. Dữ liệu lấy từ trường ID của bảng COMPANYTYPE.,FK,FK → COMPANYTYPE.Id
SECURITIESCOMPANY,Id,ID bản ghi,PK,
SECURITIESCOMPANY,Deleted,Trạng thái xóa của bản ghi: 0: Không bị xóa 1: Bị xóa,,
SECURITIESCOMPANY,DateCreated,Ngày tạo,,
SECURITIESCOMPANY,CreatedBy,Người tạo,,
SECURITIESCOMPANY,DateModified,Ngày sửa,,
SECURITIESCOMPANY,ModifyBy,Người sửa,,
SECURITIESCOMPANY,Name,Tên công ty,,
SECURITIESCOMPANY,EName,Tên tiếng Anh,,
SECURITIESCOMPANY,ShortName,Tên viết tắt,,
SECURITIESCOMPANY,NaId,ID quốc gia. Dữ liệu lấy từ trường ID của bảng NATIONAL.,FK,FK → NATIONAL.Id
SECURITIESCOMPANY,Address,Địa chỉ,,
SECURITIESCOMPANY,Telephone,Điện thoại,,
SECURITIESCOMPANY,Fax,Fax,,
SECURITIESCOMPANY,Email,Email,,
SECURITIESCOMPANY,Website,Website,,
SECURITIESCOMPANY,IdNo,Số GPKD,,
SECURITIESCOMPANY,IdDate,Ngày cấp GPKD,,
SECURITIESCOMPANY,IdAdd,Nơi cấp GPKD,,
SECURITIESCOMPANY,RegNo,Số GPDC,,
SECURITIESCOMPANY,RegDate,Ngày cấp GPDC,,
SECURITIESCOMPANY,RegAdd,Nơi cấp GPDC,,
SECURITIESCOMPANY,Director,Tổng giám đốc,,
SECURITIESCOMPANY,Capital,Vốn điều lệ,,
SECURITIESCOMPANY,StatusId,ID trạng thái. Dữ liệu lấy từ trường ID của bảng STATUS.,FK,FK → STATUS.Id
SECURITIESCOMPANY,DepCert,Chứng nhận lưu ký,,
SECURITIESCOMPANY,Description,Ghi chú,,
SECURITIESCOMPANY,FileName,Tên file đính kèm,,
SECURITIESCOMPANY,FileData,File đính kèm,,
SECURITIESCOMPANY,IdOld,ID hệ thống cũ,,
SECURITIESCOMPANY,IsDataMigration,Trạng thái đồng bộ dữ liệu,,
SECCOMBUSINES,SecId,ID công ty chứng khoán. Dữ liệu lấy từ trường ID của bảng SECURITIESCOMPANY.,FK,FK → SECURITIESCOMPANY.Id
SECCOMBUSINES,BuId,ID nghiệp vụ kinh doanh. Dữ liệu lấy từ trường ID của bảng BUSINESS.,FK,FK → BUSINESS.Id
SECCOMTYPE,SecId,ID công ty chứng khoán. Dữ liệu lấy từ trường ID của bảng SECURITIESCOMPANY.,FK,FK → SECURITIESCOMPANY.Id
SECCOMTYPE,ComTypeId,ID loại hình công ty. Dữ liệu lấy từ trường ID của bảng COMPANYTYPE.,FK,FK → COMPANYTYPE.Id
BANKMONI,Id,ID bản ghi,PK,
BANKMONI,Deleted,Trạng thái xóa của bản ghi: 0: Không bị xóa 1: Bị xóa,,
BANKMONI,DateCreated,Ngày tạo,,
BANKMONI,CreatedBy,Người tạo,,
BANKMONI,DateModified,Ngày sửa,,
BANKMONI,ModifyBy,Người sửa,,
BANKMONI,Name,Tên ngân hàng,,
BANKMONI,EName,Tên tiếng Anh,,
BANKMONI,ShortName,Tên viết tắt,,
BANKMONI,NaId,ID quốc gia. Dữ liệu lấy từ trường ID của bảng NATIONAL.,FK,FK → NATIONAL.Id
BANKMONI,Address,Địa chỉ,,
BANKMONI,Telephone,Điện thoại,,
BANKMONI,Fax,Fax,,
BANKMONI,Email,Email,,
BANKMONI,Website,Website,,
BANKMONI,IdNo,Số GPKD,,
BANKMONI,IdDate,Ngày cấp GPKD,,
BANKMONI,IdAdd,Nơi cấp GPKD,,
BANKMONI,RegNo,Số GPDC,,
BANKMONI,RegDate,Ngày cấp GPDC,,
BANKMONI,RegAdd,Nơi cấp GPDC,,
BANKMONI,Director,Tổng giám đốc,,
BANKMONI,Capital,Vốn điều lệ,,
BANKMONI,StatusId,ID trạng thái. Dữ liệu lấy từ trường ID của bảng STATUS.,FK,FK → STATUS.Id
BANKMONI,DepCert,Chứng nhận lưu ký,,
BANKMONI,Description,Ghi chú,,
BANKMONI,FileName,Tên file đính kèm,,
BANKMONI,FileData,File đính kèm,,
BANKMONI,IdOld,ID hệ thống cũ,,
BANKMONI,IsDataMigration,Trạng thái đồng bộ dữ liệu,,
BRANCHS,id,ID bản ghi,PK,
BRANCHS,name,Tên chi nhánh,,
BRANCHS,ename,Tên tiếng Anh,,
BRANCHS,ShortName,Tên viết tắt,,
BRANCHS,NaId,Quốc gia công ty mẹ,,FK suy luận → NATIONAL.Id
BRANCHS,Address,Địa chỉ,,
BRANCHS,Telephone,Điện thoại,,
BRANCHS,Fax,Fax,,
BRANCHS,Email,Email,,
BRANCHS,Website,Website,,
BRANCHS,StatusId,ID trạng thái. Dữ liệu lấy từ trường ID của bảng STATUS.,FK,FK → STATUS.Id
BRANCHS,IdNo,Số GPKD,,
BRANCHS,IdDate,Ngày cấp GPKD,,
BRANCHS,IdAdd,Nơi cấp GPKD,,
BRANCHS,RegNo,Số GPHĐ,,
BRANCHS,RegDate,Ngày cấp GPHĐ,,
BRANCHS,RegAdd,Nơi cấp GPHĐ,,
BRANCHS,CodeTax,Mã số thuế,,
BRANCHS,Capital,Vốn được cấp (VNĐ),,
BRANCHS,StartDate,Hoạt động từ ngày,,
BRANCHS,EndDate,Hoạt động đến ngày,,
BRANCHS,CompanyNameParent,Tên công ty mẹ,,
BRANCHS,CertNoParent,Số ĐKKD công ty mẹ,,
BRANCHS,AddParent,Địa chỉ công ty mẹ,,
BRANCHS,IdNoParent,,,
BRANCHS,Description,Ghi chú,,
BRANCHS,FileName,Tên file đính kèm,,
BRANCHS,FileData,File đính kèm,,
BRANCHS,Deleted,Trạng thái xóa của bản ghi: 0: Không bị xóa 1: Bị xóa,,
BRANCHS,DateCreated,Ngày tạo,,
BRANCHS,CreatedBy,Người tạo,,
BRANCHS,DateModified,Ngày sửa,,
BRANCHS,ModifyBy,Người sửa,,
BRANCHS,IdOld,ID hệ thống cũ,,
BRANCHS,IsDataMigration,Trạng thái đồng bộ dữ liệu,,
BRANCHSBUSINES,BraId,ID CN công ty QLQ NN tại VN. Dữ liệu lấy từ trường ID của bảng BRANCHS.,FK,FK → BRANCHS.Id
BRANCHSBUSINES,BuId,ID nghiệp vụ kinh doanh. Dữ liệu lấy từ trường ID của bảng BUSINESS.,FK,FK → BUSINESS.Id
INFODISCREPRES,Id,ID bản ghi,PK,
INFODISCREPRES,Deleted,Trạng thái xóa của bản ghi: 0: Không bị xóa 1: Bị xóa,,
INFODISCREPRES,DateCreated,Ngày tạo,,
INFODISCREPRES,CreatedBy,Người tạo,,
INFODISCREPRES,DateModified,Ngày sửa,,
INFODISCREPRES,ModifyBy,Người sửa,,
INFODISCREPRES,Address,Địa chỉ,,
INFODISCREPRES,CertNo,Số giấy phép ĐKKD,,
INFODISCREPRES,DateOfBirth,Ngày sinh,,
INFODISCREPRES,Description,Mô tả,,
INFODISCREPRES,EName,Tên tiếng Anh,,
INFODISCREPRES,Email,Email,,
INFODISCREPRES,Fax,Fax,,
INFODISCREPRES,FileData,Tên file đính kèm,,
INFODISCREPRES,FileName,File đính kèm,,
INFODISCREPRES,IdAdd,Số CCCD,,
INFODISCREPRES,IdDate,Ngày cấp CCCD,,
INFODISCREPRES,IdNo,Nơi cấp CCCD,,
INFODISCREPRES,NaId,ID quốc gia. Dữ liệu lấy từ trường ID của bảng NATIONAL.,FK,FK → NATIONAL.Id
INFODISCREPRES,Name,Tên người đại diện,,
INFODISCREPRES,ObjectType,Loại hình: 1: Cá nhân 2: Tổ chức,,
INFODISCREPRES,Sex,Giới tính: 1: Nam 2: Nữ,,
INFODISCREPRES,ShortName,Tên viết tắt,,
INFODISCREPRES,StatusId,ID trạng thái. Dữ liệu lấy từ trường ID của bảng STATUS.,FK,FK → STATUS.Id
INFODISCREPRES,Telephone,Điện thoại,,
INFODISCREPRES,Website,Website,,
INFODISCREPRES,IdOld,ID hệ thống cũ,,
INFODISCREPRES,IsDataMigration,Trạng thái đồng bộ dữ liệu,,
INDIREBUSINESS,FundId,ID người đại diện CBTT. Dữ liệu lấy từ trường ID của bảng INFODISCREPRES.,FK,FK → INFODISCREPRES.Id
INDIREBUSINESS,BuId,ID nghiệp vụ kinh doanh. Dữ liệu lấy từ trường ID của bảng BUSINESS.,FK,FK → BUSINESS.Id
PARAWARN,Id,ID bản ghi,PK,
PARAWARN,Deleted,Trạng thái xóa của bản ghi: 0: Không bị xóa 1: Bị xóa,,
PARAWARN,DateCreated,Ngày tạo,,
PARAWARN,CreatedBy,Người tạo,,
PARAWARN,DateModified,Ngày sửa,,
PARAWARN,ModifyBy,Người sửa,,
PARAWARN,Name,Tên tham số,,
PARAWARN,Note,Mô tả,,
PARAWARN,LegalCode,,,
PARAWARN,FormulaInfo,Công thức tham số,,
PARAWARN,FormulaInfoInvestor,Công thức lấy ra nhà đầu tư,,
PARAWARN,Status,Trạng thái: 1: Sử dụng 0: Không sử dụng,,
PARAWARN,SystemObject,Đối tượng cảnh báo: 1: Công ty QLQ 2: Công ty chứng khoán 3: Ngân hàng lưu ký 4: Trung tâm lưu ký 5: Sở giao dịch CK 6: Người đại diện CBTT 7: CN công ty QLQ NN tại VN,,
CDTWARN,Id,ID bản ghi,PK,
CDTWARN,Deleted,Trạng thái xóa của bản ghi: 0: Không bị xóa 1: Bị xóa,,
CDTWARN,DateCreated,Ngày tạo,,
CDTWARN,CreatedBy,Người tạo,,
CDTWARN,DateModified,Ngày sửa,,
CDTWARN,ModifyBy,Người sửa,,
CDTWARN,PrWId,ID tham số cảnh báo. Lấy dữ liệu từ trường ID của bảng PARAWARN,,
CDTWARN,Name,Tên điều kiện cảnh báo,,
CDTWARN,CompareType,So sánh với: 1: Tham số khác 0: Giá trị cố định,,
CDTWARN,OtherWId,ID tham số cảnh báo khác. Lấy dữ liệu từ trường ID của bảng PARAWARN,,
CDTWARN,OtherWIdCondition,Điều kiện so sánh với tham số khác,,
CDTWARN,FromValue,Cận dưới,,
CDTWARN,FromValueCondition,Điều kiện cận dưới: 1: \>= 0: \>,,
CDTWARN,ToValue,Cận trên,,
CDTWARN,ToValueCondition,Điều kiện cận trên: 1: \<= 0: \<,,
CDTWARN,Status,Trạng thái: 1: Sử dụng 0: Không sử dụng,,
CDTWARN,PrWPeriodType,Kỳ tham số,,
CDTWARN,PrWPeriodValue,Giá trị kỳ tham số,,
CDTWARN,OtherWPeriodType,Kỳ tham số khác,,
CDTWARN,OtherWPeriodValue,Giá trị kỳ tham số khác,,
CDTWARN,NumberDayRun,Thời gian chạy cảnh báo,,
VIOLT,Id,ID bản ghi,PK,
VIOLT,UserId,,,FK suy luận → USERS.Id
VIOLT,PrWId,ID tham số cảnh báo. Lấy dữ liệu từ trường ID của bảng PARAWARN,,
VIOLT,CdtWId,ID điều kiện cảnh báo. Lấy dữ liệu từ trường ID của bảng CDTWARN,,
VIOLT,SystemObject,Đối tượng vi phạm: 1: Công ty QLQ 2: Công ty chứng khoán 3: Ngân hàng lưu ký 4: Trung tâm lưu ký 5: Sở giao dịch CK 6: Người đại diện CBTT 7: CN công ty QLQ NN tại VN,,
VIOLT,InvestorName,Nhà đầu tư,,
VIOLT,YearValue,Năm cảnh báo,,
VIOLT,PeriodType,Kỳ cảnh báo,,
VIOLT,PeriodValue,Giá trị kỳ,,
VIOLT,Status,Trạng thái: 0: Chưa khắc phục 1: Khắc phục,,
VIOLT,Value,Giá trị,,
VIOLT,DateCreatedViolt,Ngày cảnh báo,,
VIOLT,FundComId,ID công ty QLQ,,FK suy luận → FUNDCOMPANY.Id
VIOLT,SecComId,ID công ty chứng khoán,,FK suy luận → SECURITIESCOMPANY.Id
VIOLT,BankId,ID ngân hàng lưu ký,,FK suy luận → BANKMONI.Id
VIOLT,DepCenId,ID Tổng công ty Lưu ký và Bù trừ chứng khoán VN,,FK suy luận → DEPOSITORYCENTER.Id
VIOLT,StockCenId,ID của Sở giao dịch chứng khoán,,FK suy luận → STOCKEXCHANGE.Id
VIOLT,InDiRepCenId,ID Người đại diện CBTT,,FK suy luận → INFODISCREPRES.Id
VIOLT,BranchsId,ID CN công ty QLQ NN tại VN,,FK suy luận → BRANCHS.Id
VIOLT,PeriodTypeOther,Kỳ tham số so sánh,,
VIOLT,PeriodValueOther,Giá trị kỳ tham số so sánh,,
VIOLT,ValueOther,Giá trị tham số so sánh,,
AUTHOANNOUNCE,id,ID bản ghi,PK,
AUTHOANNOUNCE,Deleted,Trạng thái xóa của bản ghi: 0: Không bị xóa 1: Bị xóa,,
AUTHOANNOUNCE,DateCreated,Ngày tạo,,
AUTHOANNOUNCE,CreatedBy,Người tạo,,
AUTHOANNOUNCE,DateModified,Ngày sửa,,
AUTHOANNOUNCE,ModifyBy,Người sửa,,
AUTHOANNOUNCE,InfoDiscRepresId,ID người đại diện CBTT. Lấy dữ liệu từ trường ID của bảng INFODISCREPRES.,,FK suy luận → INFODISCREPRES.Id
AUTHOANNOUNCE,RelationshipId,ID mối quan hệ. Lấy dữ liệu từ trường ID của bảng RELATIONSHIP.,,FK suy luận → RELATIONSHIP.Id
AUTHOANNOUNCE,RelatedPropertiesId,ID hình thực liên quan. Lấy dữ liệu từ trường ID của bảng RELATEDPROPERTIES.,,FK suy luận → RELATEDPROPERTIES.Id
AUTHOANNOUNCE,SDate,Có hiệu lực từ ngày,,
AUTHOANNOUNCE,EDate,Có hiệu lực đến ngày,,
AUTHOANNOUNCE,FileData,File đính kèm,,
AUTHOANNOUNCE,IdOld,ID hệ thống cũ,,
AUTHOANNOUNCEHIS,id,ID bản ghi,PK,
AUTHOANNOUNCEHIS,Deleted,Trạng thái xóa của bản ghi: 0: Không bị xóa 1: Bị xóa,,
AUTHOANNOUNCEHIS,DateCreated,Ngày tạo,,
AUTHOANNOUNCEHIS,CreatedBy,Người tạo,,
AUTHOANNOUNCEHIS,DateModified,Ngày sửa,,
AUTHOANNOUNCEHIS,ModifyBy,Người sửa,,
AUTHOANNOUNCEHIS,IdOld,ID ủy quyền CBTT. Lấy dữ liệu từ trường ID của bảng AUTHOANNOUNCE.,,
AUTHOANNOUNCEHIS,InfoDiscRepresId,ID người đại diện CBTT. Lấy dữ liệu từ trường ID của bảng INFODISCREPRES.,,FK suy luận → INFODISCREPRES.Id
AUTHOANNOUNCEHIS,RelationshipId,ID mối quan hệ. Lấy dữ liệu từ trường ID của bảng RELATIONSHIP.,,FK suy luận → RELATIONSHIP.Id
AUTHOANNOUNCEHIS,RelatedPropertiesId,ID hình thực liên quan. Lấy dữ liệu từ trường ID của bảng RELATEDPROPERTIES.,,FK suy luận → RELATEDPROPERTIES.Id
AUTHOANNOUNCEHIS,SDate,Có hiệu lực từ ngày,,
AUTHOANNOUNCEHIS,EDate,Có hiệu lực đến ngày,,
AUTHOANNOUNCEHIS,IdOld,ID hệ thống cũ,,
AUTHOANNOUNCEHIS,FileData,File đính kèm,,
ANNOUNCEINVES,AuAnnId,ID ủy quyền CBTT. Lấy dữ liệu từ trường ID của bảng AUTHOANNOUNCE.,"PK, FK",FK suy luận từ mô tả
ANNOUNCEINVES,InvesId,ID NĐT NN. Lấy dữ liệu từ trường ID của bảng INVESTOR.,"PK, FK",FK → INVESTORTYPE.Id (suy luận từ tên trường)
ANNOUNCEINVESHIS,AuAnnId,ID lịch sử ủy quyền CBTT. Lấy dữ liệu từ trường ID của bảng AUTHOANNOUNCEHIS.,"PK, FK",FK suy luận từ mô tả
ANNOUNCEINVESHIS,InvesId,ID NĐT NN. Lấy dữ liệu từ trường ID của bảng INVESTOR.,"PK, FK",FK → INVESTORTYPE.Id (suy luận từ tên trường)
ANNOUNCE,Id,ID bản ghi,PK,
ANNOUNCE,Deleted,Trạng thái xóa của bản ghi: 0: Không bị xóa 1: Bị xóa,,
ANNOUNCE,DateCreated,Ngày tạo,,
ANNOUNCE,CreatedBy,Người tạo,,
ANNOUNCE,DateModified,Ngày sửa,,
ANNOUNCE,ModifyBy,Người sửa,,
ANNOUNCE,InRepId,ID báo cáo thành viên,,
ANNOUNCE,YearValue,Năm báo cáo,,
ANNOUNCE,PeriodValue,Giá trị kỳ,,
ANNOUNCE,PeriodType,Kỳ báo cáo: 1: Ngày 2: Tuần 3: Nửa tháng 4: Tháng 5: Quý 6: Bán niên 7: Năm,,
ANNOUNCE,AnnounceTypeId,Loại CBTT. Dữ liệu lấy từ trường ID của bảng ANNOUNCETYPE,FK,FK → ANNOUNCETYPE.Id
ANNOUNCE,Name,Tiêu đề,,
ANNOUNCE,contentSummary,Nội dung trích yếu,,
ANNOUNCE,DateAnnounce,Ngày CBTT,,
ANNOUNCE,Description,Ghi chú,,
ANNOUNCE,FileName,Tên File đính kèm,,
ANNOUNCE,FileData,File đính kèm,,
ANNOUNCE,Status,Trạng thái CBTT: 0: Chưa gửi 1: Đã CBTT,,
ANNOUNCE,SendAnnounceBy,Người gửi tin CBTT,,
ANNOUNCE,InvestorData,ID nhà đầu tư,,
ANNOUNCE,InvestorDataName,Tên nhà đầu tư,,
DOCUMENT,id,ID bản ghi,PK,
DOCUMENT,Deleted,Trạng thái xóa của bản ghi: 0: Không bị xóa 1: Bị xóa,,
DOCUMENT,DateCreated,Ngày tạo,,
DOCUMENT,CreatedBy,Người tạo,,
DOCUMENT,DateModified,Ngày sửa,,
DOCUMENT,ModifyBy,Người sửa,,
DOCUMENT,Name,Tên tài liệu,,
DOCUMENT,FileData,File tài liệu,,
DOCUMENT,SystemObjects,Loại đối tượng: 1: Công ty QLQ 2: Công ty chứng khoán 3: Ngân hàng lưu ký 4: Trung tâm lưu ký 5: Sở giao dịch CK 6: Người đại diện CBTT 7: CN công ty QLQ NN tại VN,,
DOCUMENT,Description,Mô tả,,
DOCUMENT,Status,Trạng thái,,
EMAILSENTSYSTEM,id,ID bản ghi,PK,
EMAILSENTSYSTEM,Deleted,Trạng thái xóa của bản ghi: 0: Không bị xóa 1: Bị xóa,,
EMAILSENTSYSTEM,DateCreated,Ngày tạo,,
EMAILSENTSYSTEM,CreatedBy,Người tạo,,
EMAILSENTSYSTEM,DateModified,Ngày sửa,,
EMAILSENTSYSTEM,ModifyBy,Người sửa,,
EMAILSENTSYSTEM,UFrom,Người nhận,,
EMAILSENTSYSTEM,UTo,Người gửi,,
EMAILSENTSYSTEM,Title,Tiêu đề,,
EMAILSENTSYSTEM,Body,Nội dung,,
EMAILSENTSYSTEM,FileData,File đính kèm,,
EMAILSENTSYSTEM,Status,Trạng thái: 1: Đã gửi 0: Bản nháp,,
EMAILSENTSYSTEM,SendDate,Ngày gửi,,
EMAILSENTSYSTEM,DetailExcerpt,Đường dẫn file,,
SYSEMAIL,Id,ID bản ghi,PK,
SYSEMAIL,Deleted,Trạng thái xóa của bản ghi: 0: Không bị xóa 1: Bị xóa,,
SYSEMAIL,DateCreated,Ngày tạo,,
SYSEMAIL,CreatedBy,Người tạo,,
SYSEMAIL,DateModified,Ngày sửa,,
SYSEMAIL,ModifyBy,Người sửa,,
SYSEMAIL,UToId,Người gửi,,
SYSEMAIL,UFromId,Người nhận,,
SYSEMAIL,ParentId,ID trao đổi thông tin. Lấy dữ liệu từ trường ID của bảng EMAILSENTSYSTEM,,
SYSEMAIL,Title,Tiêu đề,,
SYSEMAIL,Body,Nội dung,,
SYSEMAIL,FileData,File đính kèm,,
SYSEMAIL,Status,Trạng thái: 1: Đã gửi 0: Bản nháp,,
SYSEMAIL,IsSendEmail,Có gửi email không: 1: Có 0: không gưi,,
SYSEMAIL,SendDate,Ngày gửi,,
SYSTEMINTEGRATIONCONFIG,Id,ID bản ghi,PK,
SYSTEMINTEGRATIONCONFIG,Deleted,Trạng thái xóa của bản ghi: 0: Không bị xóa 1: Bị xóa,,
SYSTEMINTEGRATIONCONFIG,DateCreated,Ngày tạo,,
SYSTEMINTEGRATIONCONFIG,CreatedBy,Người tạo,,
SYSTEMINTEGRATIONCONFIG,DateModified,Ngày sửa,,
SYSTEMINTEGRATIONCONFIG,ModifyBy,Người sửa,,
SYSTEMINTEGRATIONCONFIG,Name,Tên cấu hình,,
SYSTEMINTEGRATIONCONFIG,Status,Trạng thái: 1: Đang sử dụng 0: Dừng sử dụng,,
SYSTEMINTEGRATIONCONFIG,Content,Dữ liệu trao đổi,,
SYSTEMINTEGRATIONCONFIG,AddressConnect,Địa chỉ kết nối,,
SYSTEMINTEGRATIONCONFIG,PortConnect,Port kết nối,,
SYSTEMINTEGRATIONCONFIG,UserConnect,Tài khoản kết nối,,
SYSTEMINTEGRATIONCONFIG,PasswordConnect,Mật khẩu kết nối,,
SYSTEMINTEGRATIONCONFIG,DataType,Loại dữ liệu,,
SYSTEMINTEGRATIONCONFIG,MethodType,Phương thức truyền nhận,,
SYSTEMINTEGRATIONCONFIG,LanguageConnect,Ngôn ngữ trao đổi,,
SYSTEMINTEGRATIONCONFIG,TimeoutRequest,Giới hạn thời gian kết nối (phút),,
SYSTEMINTEGRATIONDATA,Id,ID bản ghi,PK,
SYSTEMINTEGRATIONDATA,Deleted,Trạng thái xóa của bản ghi: 0: Không bị xóa 1: Bị xóa,,
SYSTEMINTEGRATIONDATA,DateCreated,Ngày tạo,,
SYSTEMINTEGRATIONDATA,CreatedBy,Người tạo,,
SYSTEMINTEGRATIONDATA,DateModified,Ngày sửa,,
SYSTEMINTEGRATIONDATA,ModifyBy,Người sửa,,
SYSTEMINTEGRATIONDATA,Code,Gói tin,,
SYSTEMINTEGRATIONDATA,Status,Trạng thái: 1: Thành công 0: Thất bại,,
SYSTEMINTEGRATIONDATA,DataIntegration,Dữ liệu gói tin,,
SYSTEMINTEGRATIONDATA,SystemIntegrationConfigId,ID bản ghi cấu hình. Dữ liệu lấy từ trường ID của bảng SYSTEMINTEGRATIONCONFIG,FK,FK → SYSTEMINTEGRATIONCONFIG.Id
SYSTEMINTEGRATIONDATA,DataFileImport,File data,,
